unique_work_number,mp_name,state,constituency,work_name,work_category,recommended_amount,date_recommended,implementing_agency
W-1000,Milind Deora,Uttar Pradesh,Mumbai North Central,Construction of Sanitation at location 271,Sanitation,15703974.51,2023-04-17,Zila Parishad
W-1001,Supriya Sule,Uttar Pradesh,Baramati,Construction of Drinking Water at location 192,Drinking Water,12540889.44,2023-10-04,Zila Parishad
W-1002,Sonia Gandhi,West Bengal,Wayanad,Construction of Health at location 567,Health,12052084.09,2023-09-01,Gram Panchayat
W-1003,Piyush Goyal,Maharashtra,Mumbai North East,Construction of Health at location 14,Health,8015621.8,2023-08-30,Municipal Corporation
W-1004,Parvesh Verma,Kerala,West Delhi,Construction of Education at location 206,Education,5546209.64,2023-03-22,PWD
W-1005,Dimple Yadav,Bihar,Firozabad,Construction of Health at location 162,Health,17949133.33,2023-07-21,Gram Panchayat
W-1006,Shashi Tharoor,Kerala,Thiruvananthapuram,Construction of Drinking Water at location 879,Drinking Water,11941647.73,2023-02-22,Gram Panchayat
W-1007,Nitish Kumar,Maharashtra,Nalanda,Construction of Roads at location 648,Roads,16401497.85,2023-03-04,Gram Panchayat
W-1008,Ram Vilas Paswan,Uttar Pradesh,Hajipur,Construction of Drinking Water at location 33,Drinking Water,7730955.92,2023-02-17,Municipal Corporation
W-1009,Uddhav Thackeray,West Bengal,Mumbai South,Construction of Roads at location 5,Roads,5101705.94,2023-08-06,Municipal Corporation
W-1010,Priyanka Gandhi,Uttar Pradesh,Varanasi,Construction of Sanitation at location 96,Sanitation,3216963.36,2023-08-10,Municipal Corporation
W-1011,K. C. Venugopal,Uttar Pradesh,Alappuzha,Construction of Drinking Water at location 682,Drinking Water,6264856.87,2023-02-14,Zila Parishad
W-1012,Rajmohan Unnithan,Maharashtra,Kasaragod,Construction of Roads at location 377,Roads,8828601.88,2023-10-10,Gram Panchayat
W-1013,V. Muraleedharan,West Bengal,Thrissur,Construction of Roads at location 692,Roads,1765398.82,2023-04-23,Zila Parishad
W-1014,Supriya Sule,Bihar,Baramati,Construction of Health at location 566,Health,5933606.05,2023-12-09,Zila Parishad
W-1015,Mamata Banerjee,West Bengal,Kolkata South,Construction of Roads at location 767,Roads,7671771.09,2023-10-21,Gram Panchayat
W-1016,Lalu Prasad Yadav,Kerala,Saran,Construction of Education at location 660,Education,13712505.06,2023-09-09,Zila Parishad
W-1017,Manoj Tiwari,Maharashtra,North East Delhi,Construction of Drinking Water at location 872,Drinking Water,13675957.28,2023-05-09,Zila Parishad
W-1018,Priyanka Gandhi,Bihar,Varanasi,Construction of Roads at location 304,Roads,17995707.28,2023-09-11,Municipal Corporation
W-1019,Hardik Patel,Uttar Pradesh,Jamnagar,Construction of Education at location 625,Education,12325366.66,2023-04-14,Trust
W-1020,Mallikarjun Kharge,Bihar,Gulbarga,Construction of Drinking Water at location 822,Drinking Water,13213244.56,2023-06-12,Zila Parishad
W-1021,Ram Vilas Paswan,West Bengal,Hajipur,Construction of Roads at location 640,Roads,11079534.5,2023-02-02,Municipal Corporation
W-1022,Smriti Irani,Bihar,Amethi,Construction of Sanitation at location 798,Sanitation,11749625.75,2023-04-07,Municipal Corporation
W-1023,Akhilesh Yadav,Uttar Pradesh,Azamgarh,Construction of Health at location 158,Health,18339855.61,2023-02-15,Zila Parishad
W-1024,Shashi Tharoor,Maharashtra,Thiruvananthapuram,Construction of Education at location 128,Education,11357624.62,2023-01-18,PWD
W-1025,Smriti Irani,Bihar,Amethi,Construction of Drinking Water at location 986,Drinking Water,17049061.0,2023-09-30,Gram Panchayat
W-1026,Nitish Kumar,Maharashtra,Nalanda,Construction of Health at location 685,Health,13174296.65,2023-01-20,PWD
W-1027,K. C. Venugopal,West Bengal,Alappuzha,Construction of Roads at location 698,Roads,19645897.32,2023-03-04,Municipal Corporation
W-1028,Ram Vilas Paswan,Kerala,Hajipur,Construction of Health at location 620,Health,9416670.65,2023-01-05,Gram Panchayat
W-1029,Gautam Gambhir,West Bengal,East Delhi,Construction of Roads at location 120,Roads,8953654.38,2023-11-15,Zila Parishad
W-1030,Narayan Rane,Bihar,Mumbai North,Construction of Roads at location 488,Roads,5958710.99,2023-08-25,Municipal Corporation
W-1031,Mulayam Singh Yadav,West Bengal,Mainpuri,Construction of Sanitation at location 86,Sanitation,7166653.5,2023-07-04,PWD
W-1032,Nana Patole,Uttar Pradesh,Nagpur,Construction of Drinking Water at location 474,Drinking Water,9732699.53,2023-12-07,PWD
W-1033,Pappu Yadav,Bihar,Madhepura,Construction of Education at location 442,Education,17201551.9,2023-04-06,Zila Parishad
W-1034,V. Muraleedharan,Uttar Pradesh,Thrissur,Construction of Drinking Water at location 675,Drinking Water,9435931.36,2023-02-02,Gram Panchayat
W-1035,Mallikarjun Kharge,Bihar,Gulbarga,Construction of Sanitation at location 499,Sanitation,13818632.08,2023-08-30,PWD
W-1036,Paresh Rawal,West Bengal,Ahmedabad East,Construction of Roads at location 903,Roads,14011361.99,2023-07-15,Zila Parishad
W-1037,V. Muraleedharan,West Bengal,Thrissur,Construction of Roads at location 99,Roads,7754352.67,2023-02-05,Gram Panchayat
W-1038,A. K. Antony,Maharashtra,Pathanamthitta,Construction of Education at location 873,Education,18099781.68,2023-10-13,Gram Panchayat
W-1039,Chirag Paswan,Uttar Pradesh,Jamui,Construction of Health at location 851,Health,9244687.68,2023-05-24,Gram Panchayat
W-1040,Gautam Gambhir,Bihar,East Delhi,Construction of Drinking Water at location 133,Drinking Water,17810231.56,2023-06-12,Gram Panchayat
W-1041,Mimi Chakraborty,Bihar,Jadavpur,Construction of Roads at location 946,Roads,14271723.43,2023-10-10,Zila Parishad
W-1042,Narayan Rane,Uttar Pradesh,Mumbai North,Construction of Roads at location 511,Roads,19727020.74,2023-11-23,PWD
W-1043,Pappu Yadav,Bihar,Madhepura,Construction of Education at location 39,Education,10106189.53,2023-05-06,Zila Parishad
W-1044,Manoj Tiwari,Maharashtra,North East Delhi,Construction of Education at location 973,Education,19262364.7,2023-12-14,Gram Panchayat
W-1045,Sonia Gandhi,Kerala,Wayanad,Construction of Sanitation at location 203,Sanitation,1939033.01,2023-09-09,Municipal Corporation
W-1046,Sanjay Raut,Maharashtra,Mumbai North West,Construction of Education at location 12,Education,19033023.94,2023-11-26,PWD
W-1047,P. Chidambaram,Uttar Pradesh,Sivaganga,Construction of Health at location 869,Health,5569022.33,2023-02-10,Gram Panchayat
W-1048,Yogi Adityanath,Kerala,Gorakhpur,Construction of Education at location 253,Education,8624461.63,2023-03-23,Gram Panchayat
W-1049,Narayan Rane,Bihar,Mumbai North,Construction of Roads at location 779,Roads,15116776.85,2023-12-07,Municipal Corporation
W-1050,Lalu Prasad Yadav,Uttar Pradesh,Saran,Construction of Roads at location 709,Roads,15123259.61,2023-12-17,Gram Panchayat
W-1051,Narayan Rane,West Bengal,Mumbai North,Construction of Sanitation at location 717,Sanitation,4958534.71,2023-09-17,PWD
W-1052,Sanjay Raut,West Bengal,Mumbai North West,Construction of Drinking Water at location 268,Drinking Water,19375488.43,2023-02-23,Zila Parishad
W-1053,A. K. Antony,Kerala,Pathanamthitta,Construction of Sanitation at location 910,Sanitation,16198371.02,2023-03-07,Municipal Corporation
W-1054,Paresh Rawal,Uttar Pradesh,Ahmedabad East,Construction of Roads at location 166,Roads,8232584.26,2023-12-01,PWD
W-1055,V. Muraleedharan,Kerala,Thrissur,Construction of Drinking Water at location 774,Drinking Water,7274561.46,2023-02-22,Zila Parishad
W-1056,Mulayam Singh Yadav,Uttar Pradesh,Mainpuri,Construction of Health at location 696,Health,17987373.99,2023-10-08,Gram Panchayat
W-1057,Uma Bharti,Bihar,Jhansi,Construction of Sanitation at location 534,Sanitation,2852399.49,2023-11-22,Gram Panchayat
W-1058,K. C. Venugopal,West Bengal,Alappuzha,Construction of Sanitation at location 337,Sanitation,17431871.59,2023-01-26,Municipal Corporation
W-1059,K. C. Venugopal,Bihar,Alappuzha,Construction of Health at location 983,Health,9519426.96,2023-03-19,Municipal Corporation
W-1060,Ramvir Singh Bidhuri,Uttar Pradesh,South Delhi,Construction of Sanitation at location 274,Sanitation,10886036.7,2023-10-21,Gram Panchayat
W-1061,K. C. Venugopal,Bihar,Alappuzha,Construction of Health at location 537,Health,7187073.85,2023-05-25,Zila Parishad
W-1062,Paresh Rawal,Maharashtra,Ahmedabad East,Construction of Health at location 595,Health,6033630.16,2023-02-11,Gram Panchayat
W-1063,Hardik Patel,Kerala,Jamnagar,Construction of Sanitation at location 710,Sanitation,5296175.7,2023-03-11,Municipal Corporation
W-1064,Sanjay Raut,West Bengal,Mumbai North West,Construction of Sanitation at location 548,Sanitation,17983900.13,2023-08-11,PWD
W-1065,Supriya Sule,West Bengal,Baramati,Construction of Drinking Water at location 435,Drinking Water,15505112.2,2023-06-22,Gram Panchayat
W-1066,Priyanka Chaturvedi,Kerala,Mumbai South Central,Construction of Education at location 511,Education,6752522.75,2023-12-22,PWD
W-1067,Mimi Chakraborty,Bihar,Jadavpur,Construction of Health at location 321,Health,13789303.08,2023-11-15,PWD
W-1068,Nana Patole,Uttar Pradesh,Nagpur,Construction of Health at location 946,Health,18692292.31,2023-11-30,Zila Parishad
W-1069,Yogi Adityanath,West Bengal,Gorakhpur,Construction of Roads at location 229,Roads,16090974.05,2023-09-27,Gram Panchayat
W-1070,Dimple Yadav,West Bengal,Firozabad,Construction of Sanitation at location 422,Sanitation,15078382.91,2023-12-19,Zila Parishad
W-1071,Lalu Prasad Yadav,West Bengal,Saran,Construction of Education at location 968,Education,3215805.42,2023-02-11,Zila Parishad
W-1072,Hardik Patel,Kerala,Jamnagar,Construction of Sanitation at location 411,Sanitation,1153882.48,2023-10-16,Municipal Corporation
W-1073,V. Muraleedharan,Uttar Pradesh,Thrissur,Construction of Sanitation at location 648,Sanitation,9983970.9,2023-09-18,Zila Parishad
W-1074,Ramvir Singh Bidhuri,West Bengal,South Delhi,Construction of Sanitation at location 660,Sanitation,19201958.49,2023-01-11,PWD
W-1075,Dimple Yadav,Maharashtra,Firozabad,Construction of Roads at location 623,Roads,17506416.22,2023-04-14,PWD
W-1076,Amit Shah,Bihar,Gandhinagar,Construction of Roads at location 51,Roads,2532815.84,2023-01-29,Zila Parishad
W-1077,Narayan Rane,West Bengal,Mumbai North,Construction of Sanitation at location 431,Sanitation,7036346.21,2023-11-05,PWD
W-1078,Smriti Irani,Bihar,Amethi,Construction of Education at location 529,Education,4879794.05,2023-05-08,PWD
W-1079,Hardik Patel,Maharashtra,Jamnagar,Construction of Sanitation at location 63,Sanitation,4791895.67,2023-05-30,PWD
W-1080,Anil Desai,Maharashtra,Mumbai East,Construction of Roads at location 736,Roads,8247703.25,2023-05-21,Gram Panchayat
W-1081,Ram Gopal Yadav,Bihar,Sambhal,Construction of Roads at location 590,Roads,10789130.74,2023-06-24,Gram Panchayat
W-1082,Sanjay Raut,Bihar,Mumbai North West,Construction of Drinking Water at location 979,Drinking Water,8470316.34,2023-06-11,Municipal Corporation
W-1083,Narayan Rane,Maharashtra,Mumbai North,Construction of Education at location 984,Education,884355.49,2023-09-12,PWD
W-1084,V. Muraleedharan,West Bengal,Thrissur,Construction of Health at location 500,Health,3251096.05,2023-06-14,Gram Panchayat
W-1085,Ram Gopal Yadav,Kerala,Sambhal,Construction of Education at location 548,Education,8717778.74,2023-10-12,PWD
W-1086,Sudip Bandyopadhyay,Uttar Pradesh,Kolkata North,Construction of Sanitation at location 805,Sanitation,11264920.03,2023-09-13,PWD
W-1087,Mallikarjun Kharge,Maharashtra,Gulbarga,Construction of Drinking Water at location 115,Drinking Water,5739208.51,2023-07-28,PWD
W-1088,Yogi Adityanath,Kerala,Gorakhpur,Construction of Drinking Water at location 727,Drinking Water,858618.19,2023-10-20,Gram Panchayat
W-1089,A. K. Antony,Kerala,Pathanamthitta,Construction of Drinking Water at location 342,Drinking Water,18050363.52,2023-01-27,Gram Panchayat
W-1090,Uma Bharti,Bihar,Jhansi,Construction of Drinking Water at location 822,Drinking Water,4095232.95,2023-12-29,Gram Panchayat
W-1091,Mamata Banerjee,Uttar Pradesh,Kolkata South,Construction of Roads at location 187,Roads,12402891.01,2023-10-22,PWD
W-1092,Ram Gopal Yadav,West Bengal,Sambhal,Construction of Health at location 491,Health,10179141.82,2023-12-03,Gram Panchayat
W-1093,Anil Desai,Bihar,Mumbai East,Construction of Roads at location 39,Roads,16472495.19,2023-10-18,Municipal Corporation
W-1094,Priyanka Gandhi,Kerala,Varanasi,Construction of Roads at location 330,Roads,9197112.57,2023-02-26,Gram Panchayat
W-1095,Uddhav Thackeray,Maharashtra,Mumbai South,Construction of Drinking Water at location 89,Drinking Water,4813584.12,2023-09-25,Gram Panchayat
W-1096,Shashi Tharoor,Bihar,Thiruvananthapuram,Construction of Sanitation at location 519,Sanitation,4255681.04,2023-05-17,Municipal Corporation
W-1097,Milind Deora,Maharashtra,Mumbai North Central,Construction of Education at location 620,Education,9880706.73,2023-07-07,Municipal Corporation
W-1098,Priyanka Gandhi,Uttar Pradesh,Varanasi,Construction of Sanitation at location 982,Sanitation,10643278.14,2023-07-29,Gram Panchayat
W-1099,Anandiben Patel,West Bengal,Anand,Construction of Education at location 39,Education,7338880.4,2023-10-29,Zila Parishad
W-1100,Pappu Yadav,Maharashtra,Madhepura,Construction of Health at location 389,Health,5156154.34,2023-03-06,Gram Panchayat
W-1101,Mallikarjun Kharge,Maharashtra,Gulbarga,Construction of Roads at location 889,Roads,2926532.37,2023-12-10,Municipal Corporation
W-1102,Mimi Chakraborty,Bihar,Jadavpur,Construction of Roads at location 711,Roads,1767234.98,2023-02-21,PWD
W-1103,Priyanka Gandhi,Bihar,Varanasi,Construction of Education at location 888,Education,16115008.9,2023-09-19,Municipal Corporation
W-1104,Dimple Yadav,Maharashtra,Firozabad,Construction of Education at location 160,Education,4876591.15,2023-08-15,Zila Parishad
W-1105,Yogi Adityanath,Maharashtra,Gorakhpur,Construction of Education at location 921,Education,17311488.54,2023-08-14,Trust
W-1106,Nana Patole,Bihar,Nagpur,Construction of Drinking Water at location 454,Drinking Water,4793572.44,2023-02-06,Gram Panchayat
W-1107,Anil Desai,Bihar,Mumbai East,Construction of Education at location 973,Education,14811243.42,2023-08-25,Gram Panchayat
W-1108,Gautam Gambhir,Uttar Pradesh,East Delhi,Construction of Education at location 422,Education,3592799.55,2023-07-07,Municipal Corporation
W-1109,Amit Shah,Bihar,Gandhinagar,Construction of Health at location 258,Health,15254398.17,2023-07-25,Zila Parishad
W-1110,V. Muraleedharan,Kerala,Thrissur,Construction of Education at location 326,Education,8928695.29,2023-03-15,Zila Parishad
W-1111,Piyush Goyal,West Bengal,Mumbai North East,Construction of Roads at location 524,Roads,1629448.98,2023-07-12,Zila Parishad
W-1112,Sudip Bandyopadhyay,Uttar Pradesh,Kolkata North,Construction of Education at location 227,Education,1779709.82,2023-01-07,PWD
W-1113,Paresh Rawal,Kerala,Ahmedabad East,Construction of Health at location 977,Health,9302046.97,2023-04-09,Zila Parishad
W-1114,Sanjay Raut,Maharashtra,Mumbai North West,Construction of Health at location 440,Health,14759766.31,2023-04-02,Gram Panchayat
W-1115,Sougata Ray,Bihar,Dum Dum,Construction of Sanitation at location 163,Sanitation,17428394.86,2023-11-16,Zila Parishad
W-1116,Akhilesh Yadav,Kerala,Azamgarh,Construction of Sanitation at location 520,Sanitation,9347025.87,2023-03-20,PWD
W-1117,Sougata Ray,Maharashtra,Dum Dum,Construction of Roads at location 894,Roads,5327029.13,2023-08-24,PWD
W-1118,Mimi Chakraborty,Maharashtra,Jadavpur,Construction of Sanitation at location 274,Sanitation,8213129.14,2023-11-16,Gram Panchayat
W-1119,V. Muraleedharan,Maharashtra,Thrissur,Construction of Roads at location 588,Roads,3278663.09,2023-02-15,Zila Parishad
W-1120,Hardik Patel,Bihar,Jamnagar,Construction of Roads at location 801,Roads,7337225.16,2023-08-21,Municipal Corporation
W-1121,Milind Deora,Bihar,Mumbai North Central,Construction of Drinking Water at location 143,Drinking Water,3765910.35,2023-04-16,Municipal Corporation
W-1122,P. Chidambaram,Uttar Pradesh,Sivaganga,Construction of Drinking Water at location 860,Drinking Water,15776743.16,2023-11-14,PWD
W-1123,Manoj Tiwari,Uttar Pradesh,North East Delhi,Construction of Drinking Water at location 14,Drinking Water,5318513.06,2023-01-12,Zila Parishad
W-1124,Anandiben Patel,West Bengal,Anand,Construction of Health at location 594,Health,4954867.46,2023-07-30,Gram Panchayat
W-1125,Sougata Ray,Maharashtra,Dum Dum,Construction of Health at location 817,Health,19235220.75,2023-12-16,PWD
W-1126,V. Muraleedharan,Bihar,Thrissur,Construction of Roads at location 947,Roads,11967138.37,2023-04-06,PWD
W-1127,Sharad Pawar,Bihar,Satara,Construction of Education at location 371,Education,18291085.24,2023-07-05,PWD
W-1128,Rahul Gandhi,Bihar,Rae Bareli,Construction of Health at location 526,Health,10495996.5,2023-11-30,Gram Panchayat
W-1129,Milind Deora,Maharashtra,Mumbai North Central,Construction of Health at location 130,Health,3688715.52,2023-08-19,Gram Panchayat
W-1130,Sharad Pawar,Kerala,Satara,Construction of Education at location 10,Education,9119475.29,2023-07-14,Municipal Corporation
W-1131,Jaya Bachchan,Uttar Pradesh,Amroha,Construction of Roads at location 107,Roads,13444188.29,2023-06-24,Gram Panchayat
W-1132,Supriya Sule,Maharashtra,Baramati,Construction of Sanitation at location 20,Sanitation,1267199.04,2023-10-09,PWD
W-1133,P. Chidambaram,West Bengal,Sivaganga,Construction of Education at location 126,Education,12962838.79,2023-08-05,PWD
W-1134,Hans Raj Hans,Uttar Pradesh,North West Delhi,Construction of Drinking Water at location 746,Drinking Water,19413284.9,2023-01-08,PWD
W-1135,K. C. Venugopal,Bihar,Alappuzha,Construction of Roads at location 311,Roads,18919977.28,2023-04-29,Municipal Corporation
W-1136,Piyush Goyal,Maharashtra,Mumbai North East,Construction of Roads at location 147,Roads,13348266.67,2023-10-14,PWD
W-1137,Manoj Tiwari,Maharashtra,North East Delhi,Construction of Sanitation at location 585,Sanitation,11556817.09,2023-09-02,PWD
W-1138,Paresh Rawal,Bihar,Ahmedabad East,Construction of Sanitation at location 279,Sanitation,17443562.2,2023-12-05,Municipal Corporation
W-1139,Yogi Adityanath,Maharashtra,Gorakhpur,Construction of Roads at location 305,Roads,7778409.94,2023-08-12,PWD
W-1140,Rajnath Singh,Bihar,Lucknow,Construction of Health at location 629,Health,7154332.64,2023-08-09,Municipal Corporation
W-1141,Lalu Prasad Yadav,Bihar,Saran,Construction of Health at location 891,Health,4317670.72,2023-01-21,Municipal Corporation
W-1142,Mamata Banerjee,West Bengal,Kolkata South,Construction of Health at location 789,Health,7356642.4,2023-05-21,Gram Panchayat
W-1143,Devusinh Chauhan,Bihar,Amreli,Construction of Health at location 670,Health,8298151.53,2023-05-26,Zila Parishad
W-1144,Mimi Chakraborty,Maharashtra,Jadavpur,Construction of Drinking Water at location 445,Drinking Water,18396173.54,2023-10-25,Trust
W-1145,Shashi Tharoor,Uttar Pradesh,Thiruvananthapuram,Construction of Roads at location 26,Roads,13108815.31,2023-01-09,Zila Parishad
W-1146,Sharad Pawar,Uttar Pradesh,Satara,Construction of Drinking Water at location 857,Drinking Water,15449794.64,2023-05-26,Zila Parishad
W-1147,Shashi Tharoor,Maharashtra,Thiruvananthapuram,Construction of Sanitation at location 655,Sanitation,12940235.47,2023-06-09,Municipal Corporation
W-1148,Gautam Gambhir,Kerala,East Delhi,Construction of Roads at location 753,Roads,3003688.64,2023-10-07,Zila Parishad
W-1149,Sanjay Raut,Maharashtra,Mumbai North West,Construction of Roads at location 891,Roads,7422427.96,2023-03-11,Zila Parishad
W-1150,Smriti Irani,Kerala,Amethi,Construction of Drinking Water at location 67,Drinking Water,6824508.19,2023-10-27,PWD
W-1151,Ram Vilas Paswan,Uttar Pradesh,Hajipur,Construction of Drinking Water at location 548,Drinking Water,12881720.89,2023-11-29,Zila Parishad
W-1152,Ram Vilas Paswan,Uttar Pradesh,Hajipur,Construction of Education at location 656,Education,5075520.6,2023-01-30,Gram Panchayat
W-1153,Dimple Yadav,Maharashtra,Firozabad,Construction of Sanitation at location 784,Sanitation,3606428.4,2023-02-07,PWD
W-1154,Manoj Tiwari,Kerala,North East Delhi,Construction of Drinking Water at location 987,Drinking Water,11299143.69,2023-09-06,Municipal Corporation
W-1155,K. C. Venugopal,Uttar Pradesh,Alappuzha,Construction of Sanitation at location 244,Sanitation,18646606.69,2023-01-12,PWD
W-1156,Nusrat Jahan,Maharashtra,Basirhat,Construction of Sanitation at location 675,Sanitation,3498927.42,2023-03-07,Gram Panchayat
W-1157,Amit Shah,Maharashtra,Gandhinagar,Construction of Sanitation at location 436,Sanitation,13492984.27,2023-01-25,Gram Panchayat
W-1158,Anandiben Patel,Uttar Pradesh,Anand,Construction of Sanitation at location 543,Sanitation,17584051.26,2023-11-30,Municipal Corporation
W-1159,Nana Patole,West Bengal,Nagpur,Construction of Drinking Water at location 778,Drinking Water,1634194.01,2023-12-11,Gram Panchayat
W-1160,Mallikarjun Kharge,West Bengal,Gulbarga,Construction of Health at location 609,Health,12847197.71,2023-09-17,Municipal Corporation
W-1161,Devusinh Chauhan,West Bengal,Amreli,Construction of Health at location 982,Health,3949299.33,2023-01-14,Trust
W-1162,Sougata Ray,Kerala,Dum Dum,Construction of Drinking Water at location 471,Drinking Water,4199049.54,2023-11-10,Gram Panchayat
W-1163,Akhilesh Yadav,West Bengal,Azamgarh,Construction of Roads at location 700,Roads,10237009.78,2023-07-10,Zila Parishad
W-1164,Yogi Adityanath,Bihar,Gorakhpur,Construction of Sanitation at location 554,Sanitation,19129026.39,2023-04-23,Gram Panchayat
W-1165,P. Chidambaram,Bihar,Sivaganga,Construction of Health at location 232,Health,16590077.82,2023-10-04,Gram Panchayat
W-1166,V. Muraleedharan,Kerala,Thrissur,Construction of Education at location 581,Education,13764441.69,2023-03-28,Gram Panchayat
W-1167,V. Muraleedharan,West Bengal,Thrissur,Construction of Roads at location 645,Roads,14881413.01,2023-05-28,Zila Parishad
W-1168,Nana Patole,Kerala,Nagpur,Construction of Drinking Water at location 550,Drinking Water,2102347.52,2023-04-21,Municipal Corporation
W-1169,Piyush Goyal,Maharashtra,Mumbai North East,Construction of Roads at location 217,Roads,1318048.86,2023-04-29,Gram Panchayat
W-1170,Anandiben Patel,Uttar Pradesh,Anand,Construction of Drinking Water at location 523,Drinking Water,7096216.37,2023-01-10,Gram Panchayat
W-1171,Hema Malini,Uttar Pradesh,Mathura,Construction of Sanitation at location 172,Sanitation,10172932.85,2023-10-15,Zila Parishad
W-1172,Milind Deora,Maharashtra,Mumbai North Central,Construction of Health at location 233,Health,12903379.89,2023-01-18,Zila Parishad
W-1173,K. C. Venugopal,West Bengal,Alappuzha,Construction of Roads at location 534,Roads,1341887.85,2023-12-14,Municipal Corporation
W-1174,Mimi Chakraborty,West Bengal,Jadavpur,Construction of Sanitation at location 701,Sanitation,10413030.66,2023-12-19,Municipal Corporation
W-1175,Uddhav Thackeray,Bihar,Mumbai South,Construction of Drinking Water at location 656,Drinking Water,5310237.86,2023-03-13,PWD
W-1176,Rajmohan Unnithan,Bihar,Kasaragod,Construction of Sanitation at location 896,Sanitation,12511716.28,2023-10-29,PWD
W-1177,Sudip Bandyopadhyay,Maharashtra,Kolkata North,Construction of Roads at location 418,Roads,6875166.52,2023-01-20,Zila Parishad
W-1178,Devusinh Chauhan,Bihar,Amreli,Construction of Sanitation at location 742,Sanitation,14064553.86,2023-11-06,Zila Parishad
W-1179,Jaya Bachchan,Maharashtra,Amroha,Construction of Health at location 221,Health,14606392.93,2023-01-14,PWD
W-1180,Ram Gopal Yadav,Maharashtra,Sambhal,Construction of Education at location 406,Education,7017647.21,2023-06-01,Municipal Corporation
W-1181,Dimple Yadav,Uttar Pradesh,Firozabad,Construction of Roads at location 763,Roads,15448476.22,2023-09-08,Zila Parishad
W-1182,Sougata Ray,Uttar Pradesh,Dum Dum,Construction of Education at location 871,Education,19031098.68,2023-05-17,Gram Panchayat
W-1183,Hans Raj Hans,Maharashtra,North West Delhi,Construction of Education at location 877,Education,18843245.28,2023-02-20,Gram Panchayat
W-1184,Shashi Tharoor,Bihar,Thiruvananthapuram,Construction of Sanitation at location 356,Sanitation,12807827.6,2023-03-11,Gram Panchayat
W-1185,Sharad Pawar,Maharashtra,Satara,Construction of Health at location 364,Health,8277302.58,2023-07-07,PWD
W-1186,Uma Bharti,West Bengal,Jhansi,Construction of Health at location 270,Health,19509275.73,2023-04-30,Municipal Corporation
W-1187,Ramvir Singh Bidhuri,Maharashtra,South Delhi,Construction of Sanitation at location 196,Sanitation,8516364.25,2023-06-27,Zila Parishad
W-1188,Nitish Kumar,Kerala,Nalanda,Construction of Drinking Water at location 666,Drinking Water,14751008.82,2023-05-22,Municipal Corporation
W-1189,Sudip Bandyopadhyay,Maharashtra,Kolkata North,Construction of Sanitation at location 425,Sanitation,3449313.16,2023-06-10,Gram Panchayat
W-1190,Uma Bharti,Bihar,Jhansi,Construction of Education at location 681,Education,11202353.81,2023-03-27,Zila Parishad
W-1191,Paresh Rawal,West Bengal,Ahmedabad East,Construction of Sanitation at location 679,Sanitation,6166457.42,2023-03-27,Municipal Corporation
W-1192,Anandiben Patel,Kerala,Anand,Construction of Health at location 154,Health,15256654.36,2023-03-09,Gram Panchayat
W-1193,Rajnath Singh,Maharashtra,Lucknow,Construction of Drinking Water at location 921,Drinking Water,9546661.85,2023-09-05,Municipal Corporation
W-1194,P. Chidambaram,West Bengal,Sivaganga,Construction of Education at location 709,Education,4314380.82,2023-11-03,Gram Panchayat
W-1195,Chirag Paswan,Bihar,Jamui,Construction of Drinking Water at location 828,Drinking Water,3737669.11,2023-09-25,Gram Panchayat
W-1196,Uddhav Thackeray,Uttar Pradesh,Mumbai South,Construction of Education at location 613,Education,16072568.81,2023-09-17,Gram Panchayat
W-1197,Shashi Tharoor,Kerala,Thiruvananthapuram,Construction of Drinking Water at location 260,Drinking Water,19605757.93,2023-04-12,Gram Panchayat
W-1198,Rajnath Singh,Kerala,Lucknow,Construction of Education at location 701,Education,16471738.52,2023-09-22,Zila Parishad
W-1199,Paresh Rawal,West Bengal,Ahmedabad East,Construction of Health at location 476,Health,3888351.07,2023-10-13,PWD
W-1200,Sonia Gandhi,Bihar,Wayanad,Construction of Drinking Water at location 75,Drinking Water,12608107.07,2023-10-06,Municipal Corporation
W-1201,Mulayam Singh Yadav,Bihar,Mainpuri,Construction of Drinking Water at location 483,Drinking Water,1858002.39,2023-09-05,Municipal Corporation
W-1202,Rajmohan Unnithan,Kerala,Kasaragod,Construction of Education at location 313,Education,8461973.68,2023-04-27,Gram Panchayat
W-1203,Hardik Patel,West Bengal,Jamnagar,Construction of Education at location 407,Education,8100308.05,2023-04-01,Municipal Corporation
W-1204,Nusrat Jahan,West Bengal,Basirhat,Construction of Health at location 881,Health,8718158.81,2023-10-08,Zila Parishad
W-1205,Mallikarjun Kharge,West Bengal,Gulbarga,Construction of Education at location 426,Education,16195682.15,2023-10-02,Gram Panchayat
W-1206,Ram Gopal Yadav,Uttar Pradesh,Sambhal,Construction of Sanitation at location 829,Sanitation,2382422.17,2023-06-13,Municipal Corporation
W-1207,Hema Malini,Maharashtra,Mathura,Construction of Health at location 68,Health,17606604.38,2023-09-21,Zila Parishad
W-1208,Priyanka Gandhi,Uttar Pradesh,Varanasi,Construction of Education at location 779,Education,15888636.51,2023-03-05,Zila Parishad
W-1209,Chirag Paswan,Kerala,Jamui,Construction of Roads at location 324,Roads,16671092.59,2023-02-04,Zila Parishad
W-1210,Mallikarjun Kharge,Maharashtra,Gulbarga,Construction of Education at location 26,Education,9145910.28,2023-11-04,Zila Parishad
W-1211,Uma Bharti,Uttar Pradesh,Jhansi,Construction of Health at location 406,Health,10009507.84,2023-03-17,Municipal Corporation
W-1212,Rajmohan Unnithan,Bihar,Kasaragod,Construction of Roads at location 573,Roads,12279397.7,2023-09-25,Municipal Corporation
W-1213,Rahul Gandhi,Kerala,Rae Bareli,Construction of Health at location 824,Health,10573166.25,2023-06-26,Zila Parishad
W-1214,Hardik Patel,Bihar,Jamnagar,Construction of Sanitation at location 757,Sanitation,10497020.66,2023-07-11,Municipal Corporation
W-1215,Manoj Tiwari,Kerala,North East Delhi,Construction of Education at location 494,Education,9286641.87,2023-05-27,Zila Parishad
W-1216,Hans Raj Hans,Uttar Pradesh,North West Delhi,Construction of Sanitation at location 240,Sanitation,14509369.98,2023-10-28,PWD
W-1217,A. K. Antony,Maharashtra,Pathanamthitta,Construction of Health at location 850,Health,2732508.94,2023-05-26,Zila Parishad
W-1218,Hardik Patel,Uttar Pradesh,Jamnagar,Construction of Drinking Water at location 755,Drinking Water,15122089.91,2023-05-23,Trust
W-1219,Dimple Yadav,West Bengal,Firozabad,Construction of Roads at location 377,Roads,17537122.57,2023-02-08,Zila Parishad
W-1220,Supriya Sule,Maharashtra,Baramati,Construction of Roads at location 268,Roads,9977009.63,2023-08-23,Municipal Corporation
W-1221,V. Muraleedharan,Maharashtra,Thrissur,Construction of Health at location 277,Health,8883656.01,2023-04-17,Zila Parishad
W-1222,Sanjay Raut,West Bengal,Mumbai North West,Construction of Health at location 172,Health,15307345.0,2023-12-01,PWD
W-1223,Sharad Pawar,Uttar Pradesh,Satara,Construction of Roads at location 920,Roads,10477787.04,2023-06-16,Municipal Corporation
W-1224,Dimple Yadav,Uttar Pradesh,Firozabad,Construction of Education at location 427,Education,12121782.42,2023-05-06,Zila Parishad
W-1225,Narayan Rane,Uttar Pradesh,Mumbai North,Construction of Roads at location 877,Roads,4955491.56,2023-11-21,PWD
W-1226,Smriti Irani,Bihar,Amethi,Construction of Education at location 818,Education,15246165.47,2023-09-19,Gram Panchayat
W-1227,Piyush Goyal,Bihar,Mumbai North East,Construction of Health at location 201,Health,6123906.04,2023-10-12,Gram Panchayat
W-1228,Priyanka Gandhi,Kerala,Varanasi,Construction of Drinking Water at location 365,Drinking Water,5314694.82,2023-12-08,PWD
W-1229,Mallikarjun Kharge,Uttar Pradesh,Gulbarga,Construction of Sanitation at location 300,Sanitation,11375322.11,2023-05-19,PWD
W-1230,Akhilesh Yadav,West Bengal,Azamgarh,Construction of Health at location 850,Health,6853550.79,2023-04-14,Gram Panchayat
W-1231,Sharad Pawar,West Bengal,Satara,Construction of Education at location 117,Education,14581793.09,2023-12-20,Zila Parishad
W-1232,Jaya Bachchan,Maharashtra,Amroha,Construction of Drinking Water at location 524,Drinking Water,3401521.4,2023-03-11,PWD
W-1233,Hardik Patel,West Bengal,Jamnagar,Construction of Education at location 704,Education,7564227.7,2023-09-06,Municipal Corporation
W-1234,Piyush Goyal,Kerala,Mumbai North East,Construction of Education at location 48,Education,1659695.59,2023-11-25,Zila Parishad
W-1235,Priyanka Chaturvedi,West Bengal,Mumbai South Central,Construction of Education at location 837,Education,19444894.33,2023-01-13,PWD
W-1236,Shashi Tharoor,Uttar Pradesh,Thiruvananthapuram,Construction of Drinking Water at location 681,Drinking Water,14794498.2,2023-06-01,Trust
W-1237,Narayan Rane,Uttar Pradesh,Mumbai North,Construction of Roads at location 549,Roads,1846076.05,2023-01-01,Zila Parishad
W-1238,Narayan Rane,Uttar Pradesh,Mumbai North,Construction of Education at location 194,Education,2227791.92,2023-07-10,PWD
W-1239,Ram Vilas Paswan,West Bengal,Hajipur,Construction of Health at location 973,Health,14106247.38,2023-06-22,Zila Parishad
W-1240,Akhilesh Yadav,Bihar,Azamgarh,Construction of Drinking Water at location 380,Drinking Water,9826067.74,2023-05-24,PWD
W-1241,Ram Vilas Paswan,West Bengal,Hajipur,Construction of Sanitation at location 231,Sanitation,16923499.55,2023-02-22,Gram Panchayat
W-1242,A. K. Antony,Bihar,Pathanamthitta,Construction of Drinking Water at location 484,Drinking Water,1899628.22,2023-02-23,PWD
W-1243,Mimi Chakraborty,West Bengal,Jadavpur,Construction of Drinking Water at location 12,Drinking Water,3593170.82,2023-04-29,PWD
W-1244,Anandiben Patel,Maharashtra,Anand,Construction of Drinking Water at location 776,Drinking Water,18838745.86,2023-11-21,Gram Panchayat
W-1245,Chirag Paswan,West Bengal,Jamui,Construction of Drinking Water at location 428,Drinking Water,18190396.52,2023-04-10,Municipal Corporation
W-1246,A. K. Antony,Bihar,Pathanamthitta,Construction of Sanitation at location 929,Sanitation,12837881.64,2023-11-12,Gram Panchayat
W-1247,V. Muraleedharan,Uttar Pradesh,Thrissur,Construction of Education at location 785,Education,6312018.07,2023-10-08,Zila Parishad
W-1248,Manoj Tiwari,West Bengal,North East Delhi,Construction of Drinking Water at location 768,Drinking Water,7711358.49,2023-08-15,Gram Panchayat
W-1249,Amit Shah,Bihar,Gandhinagar,Construction of Roads at location 329,Roads,9709495.18,2023-06-15,Zila Parishad
W-1250,Dimple Yadav,West Bengal,Firozabad,Construction of Health at location 326,Health,13802780.67,2023-05-29,Gram Panchayat
W-1251,Pappu Yadav,Kerala,Madhepura,Construction of Health at location 815,Health,13916866.65,2023-02-22,Gram Panchayat
W-1252,Akhilesh Yadav,Uttar Pradesh,Azamgarh,Construction of Health at location 536,Health,9549855.61,2023-01-29,Zila Parishad
W-1253,Akhilesh Yadav,Uttar Pradesh,Azamgarh,Construction of Drinking Water at location 972,Drinking Water,11719430.36,2023-10-10,PWD
W-1254,Nitish Kumar,Kerala,Nalanda,Construction of Roads at location 33,Roads,10600230.29,2023-02-24,Gram Panchayat
W-1255,Sonia Gandhi,West Bengal,Wayanad,Construction of Roads at location 160,Roads,16680380.85,2023-11-27,Municipal Corporation
W-1256,Yogi Adityanath,Bihar,Gorakhpur,Construction of Drinking Water at location 412,Drinking Water,15075165.93,2023-07-24,Zila Parishad
W-1257,Sougata Ray,Uttar Pradesh,Dum Dum,Construction of Roads at location 529,Roads,14649730.41,2023-02-28,Gram Panchayat
W-1258,Piyush Goyal,Uttar Pradesh,Mumbai North East,Construction of Education at location 491,Education,7231248.07,2023-11-17,Gram Panchayat
W-1259,Rajnath Singh,Maharashtra,Lucknow,Construction of Drinking Water at location 5,Drinking Water,12802974.91,2023-03-25,Gram Panchayat
W-1260,Nana Patole,Bihar,Nagpur,Construction of Drinking Water at location 302,Drinking Water,1356048.88,2023-08-11,Municipal Corporation
W-1261,Amit Shah,Uttar Pradesh,Gandhinagar,Construction of Health at location 582,Health,4340051.24,2023-06-18,Municipal Corporation
W-1262,Ram Gopal Yadav,Bihar,Sambhal,Construction of Drinking Water at location 390,Drinking Water,16673136.73,2023-09-17,Zila Parishad
W-1263,Hema Malini,Uttar Pradesh,Mathura,Construction of Roads at location 427,Roads,15736302.39,2023-02-08,Gram Panchayat
W-1264,Gautam Gambhir,West Bengal,East Delhi,Construction of Sanitation at location 728,Sanitation,6772564.8,2023-06-19,Gram Panchayat
W-1265,Parvesh Verma,Kerala,West Delhi,Construction of Sanitation at location 10,Sanitation,6133256.31,2023-08-16,Gram Panchayat
W-1266,Hema Malini,West Bengal,Mathura,Construction of Education at location 625,Education,11753890.43,2023-12-25,Zila Parishad
W-1267,Rajnath Singh,Kerala,Lucknow,Construction of Health at location 628,Health,10366179.2,2023-12-09,Gram Panchayat
W-1268,Mamata Banerjee,West Bengal,Kolkata South,Construction of Sanitation at location 99,Sanitation,15296136.95,2023-03-17,Gram Panchayat
W-1269,Gautam Gambhir,Uttar Pradesh,East Delhi,Construction of Drinking Water at location 628,Drinking Water,12027040.91,2023-04-19,Zila Parishad
W-1270,Uddhav Thackeray,Maharashtra,Mumbai South,Construction of Education at location 367,Education,16621561.98,2023-10-07,Zila Parishad
W-1271,Piyush Goyal,West Bengal,Mumbai North East,Construction of Drinking Water at location 953,Drinking Water,6008212.31,2023-06-30,Gram Panchayat
W-1272,Uddhav Thackeray,Maharashtra,Mumbai South,Construction of Drinking Water at location 680,Drinking Water,6431875.03,2023-04-13,Zila Parishad
W-1273,Sharad Pawar,Maharashtra,Satara,Construction of Sanitation at location 909,Sanitation,12387804.73,2023-12-09,Municipal Corporation
W-1274,Milind Deora,Kerala,Mumbai North Central,Construction of Sanitation at location 968,Sanitation,7923448.78,2023-08-29,PWD
W-1275,Mamata Banerjee,Bihar,Kolkata South,Construction of Roads at location 785,Roads,19009568.22,2023-11-20,Gram Panchayat
W-1276,Akhilesh Yadav,Maharashtra,Azamgarh,Construction of Drinking Water at location 104,Drinking Water,14429369.4,2023-09-28,Gram Panchayat
W-1277,Yogi Adityanath,Maharashtra,Gorakhpur,Construction of Sanitation at location 582,Sanitation,13470350.79,2023-09-19,Gram Panchayat
W-1278,Narayan Rane,Maharashtra,Mumbai North,Construction of Education at location 474,Education,10380116.66,2023-09-28,Trust
W-1279,Hardik Patel,Bihar,Jamnagar,Construction of Sanitation at location 759,Sanitation,14244984.7,2023-08-04,PWD
W-1280,Devusinh Chauhan,West Bengal,Amreli,Construction of Health at location 592,Health,17373267.3,2023-02-12,Gram Panchayat
W-1281,Sanjay Raut,Bihar,Mumbai North West,Construction of Education at location 179,Education,5326446.43,2023-07-29,Zila Parishad
W-1282,Hardik Patel,Kerala,Jamnagar,Construction of Roads at location 924,Roads,12307342.95,2023-11-30,PWD
W-1283,Supriya Sule,Uttar Pradesh,Baramati,Construction of Roads at location 141,Roads,13593843.4,2023-03-25,Gram Panchayat
W-1284,Pappu Yadav,Maharashtra,Madhepura,Construction of Roads at location 392,Roads,9277272.27,2023-08-06,PWD
W-1285,Priyanka Gandhi,West Bengal,Varanasi,Construction of Roads at location 204,Roads,5653387.13,2023-03-12,PWD
W-1286,Rajnath Singh,West Bengal,Lucknow,Construction of Education at location 669,Education,1832515.04,2023-08-18,PWD
W-1287,Paresh Rawal,West Bengal,Ahmedabad East,Construction of Education at location 778,Education,14279282.46,2023-03-14,Municipal Corporation
W-1288,Sougata Ray,West Bengal,Dum Dum,Construction of Education at location 560,Education,11957924.49,2023-09-05,Gram Panchayat
W-1289,Narayan Rane,Bihar,Mumbai North,Construction of Health at location 73,Health,12536355.91,2023-08-25,PWD
W-1290,Shashi Tharoor,Maharashtra,Thiruvananthapuram,Construction of Health at location 367,Health,16436420.07,2023-09-28,Gram Panchayat
W-1291,Hans Raj Hans,Maharashtra,North West Delhi,Construction of Sanitation at location 151,Sanitation,14905101.44,2023-04-21,PWD
W-1292,Rahul Gandhi,Bihar,Rae Bareli,Construction of Education at location 61,Education,12331268.63,2023-11-14,Municipal Corporation
W-1293,Mimi Chakraborty,West Bengal,Jadavpur,Construction of Drinking Water at location 870,Drinking Water,5440464.82,2023-11-17,Municipal Corporation
W-1294,Uma Bharti,Maharashtra,Jhansi,Construction of Sanitation at location 649,Sanitation,15854047.02,2023-12-04,Zila Parishad
W-1295,Uddhav Thackeray,Uttar Pradesh,Mumbai South,Construction of Drinking Water at location 866,Drinking Water,6201470.65,2023-03-04,Gram Panchayat
W-1296,V. Muraleedharan,Uttar Pradesh,Thrissur,Construction of Health at location 207,Health,15406594.2,2023-05-09,PWD
W-1297,Nitish Kumar,West Bengal,Nalanda,Construction of Sanitation at location 303,Sanitation,9200923.81,2023-03-25,PWD
W-1298,Shashi Tharoor,Kerala,Thiruvananthapuram,Construction of Drinking Water at location 52,Drinking Water,15891210.54,2023-12-10,PWD
W-1299,Hardik Patel,Maharashtra,Jamnagar,Construction of Sanitation at location 829,Sanitation,2013995.13,2023-05-17,Zila Parishad
W-1300,Hema Malini,Maharashtra,Mathura,Construction of Roads at location 285,Roads,13636085.64,2023-08-27,Zila Parishad
W-1301,Lalu Prasad Yadav,Uttar Pradesh,Saran,Construction of Drinking Water at location 606,Drinking Water,11056707.4,2023-05-30,Municipal Corporation
W-1302,Gautam Gambhir,Uttar Pradesh,East Delhi,Construction of Education at location 206,Education,1625777.1,2023-06-16,Zila Parishad
W-1303,Chirag Paswan,Maharashtra,Jamui,Construction of Roads at location 19,Roads,14080381.24,2023-07-14,PWD
W-1304,Mimi Chakraborty,Maharashtra,Jadavpur,Construction of Sanitation at location 832,Sanitation,7075528.22,2023-11-13,Municipal Corporation
W-1305,Narayan Rane,Maharashtra,Mumbai North,Construction of Roads at location 171,Roads,13628305.57,2023-01-25,Trust
W-1306,Uma Bharti,Maharashtra,Jhansi,Construction of Roads at location 93,Roads,16944860.27,2023-03-27,PWD
W-1307,Sanjay Raut,West Bengal,Mumbai North West,Construction of Sanitation at location 942,Sanitation,13131597.54,2023-01-30,Zila Parishad
W-1308,Lalu Prasad Yadav,Uttar Pradesh,Saran,Construction of Roads at location 872,Roads,17034593.73,2023-10-19,Zila Parishad
W-1309,Gautam Gambhir,Kerala,East Delhi,Construction of Education at location 851,Education,7335150.42,2023-01-03,Zila Parishad
W-1310,Amit Shah,West Bengal,Gandhinagar,Construction of Education at location 414,Education,16711670.27,2023-08-23,Zila Parishad
W-1311,Chirag Paswan,Bihar,Jamui,Construction of Drinking Water at location 869,Drinking Water,16158540.4,2023-11-14,Gram Panchayat
W-1312,Uma Bharti,Maharashtra,Jhansi,Construction of Health at location 902,Health,12305529.27,2023-08-03,Zila Parishad
W-1313,Mamata Banerjee,West Bengal,Kolkata South,Construction of Roads at location 40,Roads,4690796.42,2023-08-25,Gram Panchayat
W-1314,P. Chidambaram,Uttar Pradesh,Sivaganga,Construction of Education at location 858,Education,13360459.99,2023-10-06,Gram Panchayat
W-1315,Anandiben Patel,Uttar Pradesh,Anand,Construction of Sanitation at location 378,Sanitation,4764954.45,2023-04-20,Zila Parishad
W-1316,Lalu Prasad Yadav,Uttar Pradesh,Saran,Construction of Drinking Water at location 869,Drinking Water,7682770.67,2023-12-06,Municipal Corporation
W-1317,Mallikarjun Kharge,Bihar,Gulbarga,Construction of Roads at location 56,Roads,10526920.28,2023-07-06,Gram Panchayat
W-1318,Priyanka Chaturvedi,West Bengal,Mumbai South Central,Construction of Health at location 652,Health,18704636.13,2023-10-26,Zila Parishad
W-1319,Devusinh Chauhan,Uttar Pradesh,Amreli,Construction of Education at location 699,Education,6587829.18,2023-10-31,PWD
W-1320,Sharad Pawar,West Bengal,Satara,Construction of Drinking Water at location 355,Drinking Water,12679973.94,2023-01-03,Municipal Corporation
W-1321,Ramvir Singh Bidhuri,Maharashtra,South Delhi,Construction of Health at location 48,Health,17434010.36,2023-07-30,Zila Parishad
W-1322,Priyanka Gandhi,Bihar,Varanasi,Construction of Health at location 678,Health,1540285.94,2023-01-14,Gram Panchayat
W-1323,Manoj Tiwari,West Bengal,North East Delhi,Construction of Roads at location 182,Roads,15081989.82,2023-12-05,Gram Panchayat
W-1324,P. Chidambaram,Uttar Pradesh,Sivaganga,Construction of Drinking Water at location 112,Drinking Water,14142971.61,2023-02-28,PWD
W-1325,Mimi Chakraborty,Bihar,Jadavpur,Construction of Sanitation at location 945,Sanitation,13030263.4,2023-08-18,Zila Parishad
W-1326,Jaya Bachchan,Kerala,Amroha,Construction of Drinking Water at location 926,Drinking Water,12333515.63,2023-07-28,Gram Panchayat
W-1327,Rahul Gandhi,West Bengal,Rae Bareli,Construction of Sanitation at location 215,Sanitation,17749374.21,2023-03-29,Gram Panchayat
W-1328,Hema Malini,Uttar Pradesh,Mathura,Construction of Health at location 743,Health,19519191.1,2023-11-05,PWD
W-1329,Paresh Rawal,West Bengal,Ahmedabad East,Construction of Health at location 50,Health,18876477.35,2023-12-24,Municipal Corporation
W-1330,Anil Desai,Uttar Pradesh,Mumbai East,Construction of Education at location 110,Education,6337975.79,2023-07-11,Gram Panchayat
W-1331,Sharad Pawar,Kerala,Satara,Construction of Drinking Water at location 86,Drinking Water,3364977.51,2023-01-04,Municipal Corporation
W-1332,Nana Patole,Bihar,Nagpur,Construction of Education at location 940,Education,3897746.33,2023-04-22,Gram Panchayat
W-1333,K. C. Venugopal,Kerala,Alappuzha,Construction of Roads at location 688,Roads,13510640.58,2023-01-18,Municipal Corporation
W-1334,Anandiben Patel,Maharashtra,Anand,Construction of Health at location 218,Health,10693822.76,2023-08-07,Zila Parishad
W-1335,Devusinh Chauhan,Bihar,Amreli,Construction of Health at location 187,Health,10520089.32,2023-12-11,PWD
W-1336,Piyush Goyal,Uttar Pradesh,Mumbai North East,Construction of Roads at location 845,Roads,5948609.74,2023-06-09,Zila Parishad
W-1337,Priyanka Chaturvedi,Maharashtra,Mumbai South Central,Construction of Education at location 906,Education,2196835.76,2023-09-13,Gram Panchayat
W-1338,Amit Shah,Kerala,Gandhinagar,Construction of Drinking Water at location 596,Drinking Water,12657817.7,2023-01-13,Gram Panchayat
W-1339,V. Muraleedharan,Bihar,Thrissur,Construction of Drinking Water at location 731,Drinking Water,18920981.78,2023-04-19,Gram Panchayat
W-1340,Rajmohan Unnithan,Kerala,Kasaragod,Construction of Drinking Water at location 758,Drinking Water,10501982.21,2023-07-29,Municipal Corporation
W-1341,Rahul Gandhi,Maharashtra,Rae Bareli,Construction of Education at location 628,Education,18256811.49,2023-05-23,Gram Panchayat
W-1342,Parvesh Verma,West Bengal,West Delhi,Construction of Education at location 98,Education,5130831.86,2023-07-27,Gram Panchayat
W-1343,Ram Vilas Paswan,West Bengal,Hajipur,Construction of Health at location 321,Health,16128192.64,2023-04-17,Gram Panchayat
W-1344,A. K. Antony,Bihar,Pathanamthitta,Construction of Sanitation at location 493,Sanitation,8906691.9,2023-07-11,Municipal Corporation
W-1345,Shashi Tharoor,West Bengal,Thiruvananthapuram,Construction of Drinking Water at location 63,Drinking Water,18697499.21,2023-04-14,PWD
W-1346,Uddhav Thackeray,West Bengal,Mumbai South,Construction of Health at location 580,Health,5910561.25,2023-08-02,Municipal Corporation
W-1347,Devusinh Chauhan,West Bengal,Amreli,Construction of Health at location 897,Health,19838073.43,2023-07-29,PWD
W-1348,Chirag Paswan,Uttar Pradesh,Jamui,Construction of Sanitation at location 537,Sanitation,4193171.65,2023-10-17,PWD
W-1349,Anil Desai,Bihar,Mumbai East,Construction of Education at location 835,Education,16439453.02,2023-06-01,PWD
W-1350,Amit Shah,Bihar,Gandhinagar,Construction of Health at location 140,Health,6620622.49,2023-05-12,PWD
W-1351,Jaya Bachchan,Maharashtra,Amroha,Construction of Health at location 726,Health,13801986.65,2023-10-21,Gram Panchayat
W-1352,Lalu Prasad Yadav,Maharashtra,Saran,Construction of Education at location 112,Education,14793502.09,2023-12-30,Municipal Corporation
W-1353,Rajmohan Unnithan,Uttar Pradesh,Kasaragod,Construction of Roads at location 712,Roads,16119123.66,2023-07-22,Gram Panchayat
W-1354,Supriya Sule,Maharashtra,Baramati,Construction of Health at location 819,Health,17337581.74,2023-01-30,Zila Parishad
W-1355,Uma Bharti,Bihar,Jhansi,Construction of Roads at location 615,Roads,15749990.0,2023-08-11,Gram Panchayat
W-1356,Anil Desai,Kerala,Mumbai East,Construction of Roads at location 833,Roads,11763819.21,2023-09-06,Gram Panchayat
W-1357,Sonia Gandhi,Maharashtra,Wayanad,Construction of Roads at location 602,Roads,2151422.67,2023-05-21,Gram Panchayat
W-1358,Smriti Irani,Kerala,Amethi,Construction of Roads at location 415,Roads,4482811.8,2023-09-02,Gram Panchayat
W-1359,Paresh Rawal,Bihar,Ahmedabad East,Construction of Sanitation at location 986,Sanitation,5370557.17,2023-01-20,Zila Parishad
W-1360,Ram Gopal Yadav,West Bengal,Sambhal,Construction of Health at location 419,Health,13140600.0,2023-12-03,Zila Parishad
W-1361,Akhilesh Yadav,West Bengal,Azamgarh,Construction of Drinking Water at location 65,Drinking Water,7420504.83,2023-12-21,Municipal Corporation
W-1362,Anil Desai,West Bengal,Mumbai East,Construction of Health at location 912,Health,3547532.34,2023-07-09,Municipal Corporation
W-1363,Chirag Paswan,Kerala,Jamui,Construction of Drinking Water at location 776,Drinking Water,18718930.23,2023-03-12,Gram Panchayat
W-1364,Paresh Rawal,West Bengal,Ahmedabad East,Construction of Sanitation at location 663,Sanitation,11035782.37,2023-12-16,Zila Parishad
W-1365,Uddhav Thackeray,Bihar,Mumbai South,Construction of Health at location 6,Health,17744925.43,2023-04-22,Zila Parishad
W-1366,Ram Gopal Yadav,Kerala,Sambhal,Construction of Education at location 534,Education,8304139.38,2023-07-12,Municipal Corporation
W-1367,Priyanka Gandhi,West Bengal,Varanasi,Construction of Roads at location 841,Roads,1780996.27,2023-10-06,PWD
W-1368,Sonia Gandhi,Maharashtra,Wayanad,Construction of Drinking Water at location 718,Drinking Water,7140624.29,2023-11-10,Municipal Corporation
W-1369,K. C. Venugopal,Kerala,Alappuzha,Construction of Roads at location 448,Roads,5915522.2,2023-03-05,Municipal Corporation
W-1370,Dimple Yadav,West Bengal,Firozabad,Construction of Sanitation at location 187,Sanitation,18961742.69,2023-12-12,Gram Panchayat
W-1371,Supriya Sule,Bihar,Baramati,Construction of Education at location 923,Education,11538397.11,2023-10-10,Zila Parishad
W-1372,Ramvir Singh Bidhuri,Maharashtra,South Delhi,Construction of Sanitation at location 465,Sanitation,16437453.59,2023-10-19,Zila Parishad
W-1373,A. K. Antony,Bihar,Pathanamthitta,Construction of Sanitation at location 180,Sanitation,15302195.18,2023-05-04,Gram Panchayat
W-1374,Uddhav Thackeray,West Bengal,Mumbai South,Construction of Health at location 285,Health,14811154.85,2023-05-28,PWD
W-1375,Paresh Rawal,Kerala,Ahmedabad East,Construction of Education at location 830,Education,7223943.35,2023-08-09,Municipal Corporation
W-1376,Chirag Paswan,Uttar Pradesh,Jamui,Construction of Drinking Water at location 850,Drinking Water,3548180.93,2023-01-05,PWD
W-1377,Chirag Paswan,Bihar,Jamui,Construction of Health at location 147,Health,13358747.76,2023-06-08,Zila Parishad
W-1378,V. Muraleedharan,Maharashtra,Thrissur,Construction of Sanitation at location 927,Sanitation,5939292.48,2023-04-17,Gram Panchayat
W-1379,Anandiben Patel,Maharashtra,Anand,Construction of Health at location 181,Health,15933539.05,2023-04-16,PWD
W-1380,Hans Raj Hans,West Bengal,North West Delhi,Construction of Health at location 195,Health,12087715.63,2023-10-10,PWD
W-1381,Anandiben Patel,Kerala,Anand,Construction of Drinking Water at location 444,Drinking Water,5049990.04,2023-10-25,Zila Parishad
W-1382,Manoj Tiwari,Bihar,North East Delhi,Construction of Drinking Water at location 601,Drinking Water,8521804.14,2023-11-18,Municipal Corporation
W-1383,Sharad Pawar,West Bengal,Satara,Construction of Drinking Water at location 671,Drinking Water,19323403.11,2023-02-26,Zila Parishad
W-1384,V. Muraleedharan,Kerala,Thrissur,Construction of Drinking Water at location 622,Drinking Water,16876496.87,2023-11-30,PWD
W-1385,Sharad Pawar,Kerala,Satara,Construction of Health at location 440,Health,6503784.45,2023-08-05,Gram Panchayat
W-1386,Nana Patole,Uttar Pradesh,Nagpur,Construction of Sanitation at location 104,Sanitation,12072496.96,2023-08-31,Gram Panchayat
W-1387,Nusrat Jahan,Kerala,Basirhat,Construction of Health at location 401,Health,9483061.68,2023-06-18,Zila Parishad
W-1388,Sougata Ray,West Bengal,Dum Dum,Construction of Roads at location 245,Roads,6793168.17,2023-10-14,Municipal Corporation
W-1389,Lalu Prasad Yadav,Maharashtra,Saran,Construction of Drinking Water at location 941,Drinking Water,8080163.78,2023-11-21,Municipal Corporation
W-1390,V. Muraleedharan,West Bengal,Thrissur,Construction of Sanitation at location 54,Sanitation,1783329.33,2023-08-06,Gram Panchayat
W-1391,Yogi Adityanath,Uttar Pradesh,Gorakhpur,Construction of Sanitation at location 112,Sanitation,12831727.0,2023-06-10,Zila Parishad
W-1392,Ram Gopal Yadav,West Bengal,Sambhal,Construction of Sanitation at location 171,Sanitation,13637183.8,2023-05-21,Municipal Corporation
W-1393,Ram Vilas Paswan,Bihar,Hajipur,Construction of Drinking Water at location 752,Drinking Water,9830575.87,2023-04-25,Municipal Corporation
W-1394,Sougata Ray,West Bengal,Dum Dum,Construction of Drinking Water at location 42,Drinking Water,1310789.72,2023-01-11,Gram Panchayat
W-1395,Sonia Gandhi,West Bengal,Wayanad,Construction of Sanitation at location 324,Sanitation,15523720.81,2023-06-03,Zila Parishad
W-1396,Rajmohan Unnithan,Kerala,Kasaragod,Construction of Roads at location 116,Roads,12748330.86,2023-04-28,Gram Panchayat
W-1397,Ramvir Singh Bidhuri,Maharashtra,South Delhi,Construction of Drinking Water at location 921,Drinking Water,9601197.83,2023-02-23,PWD
W-1398,Sanjay Raut,Uttar Pradesh,Mumbai North West,Construction of Sanitation at location 685,Sanitation,9315688.64,2023-03-20,Municipal Corporation
W-1399,K. C. Venugopal,Maharashtra,Alappuzha,Construction of Drinking Water at location 169,Drinking Water,9809615.69,2023-11-26,Zila Parishad
W-1400,Piyush Goyal,West Bengal,Mumbai North East,Construction of Drinking Water at location 260,Drinking Water,1318299.43,2023-01-01,Zila Parishad
W-1401,Ramvir Singh Bidhuri,West Bengal,South Delhi,Construction of Roads at location 658,Roads,6278353.14,2023-06-05,Zila Parishad
W-1402,Milind Deora,Maharashtra,Mumbai North Central,Construction of Health at location 542,Health,6642702.26,2023-06-07,Gram Panchayat
W-1403,Rajnath Singh,Bihar,Lucknow,Construction of Sanitation at location 390,Sanitation,12265016.83,2023-03-11,PWD
W-1404,Sudip Bandyopadhyay,West Bengal,Kolkata North,Construction of Roads at location 246,Roads,16380542.2,2023-11-28,Gram Panchayat
W-1405,Dimple Yadav,West Bengal,Firozabad,Construction of Education at location 722,Education,15166509.64,2023-08-24,PWD
W-1406,Paresh Rawal,Kerala,Ahmedabad East,Construction of Drinking Water at location 172,Drinking Water,9589267.71,2023-05-14,Zila Parishad
W-1407,Priyanka Gandhi,Maharashtra,Varanasi,Construction of Drinking Water at location 429,Drinking Water,1661948.4,2023-05-30,Municipal Corporation
W-1408,Nitish Kumar,Kerala,Nalanda,Construction of Education at location 879,Education,14974723.99,2023-12-05,Municipal Corporation
W-1409,Jaya Bachchan,Uttar Pradesh,Amroha,Construction of Education at location 597,Education,11289167.47,2023-02-14,Municipal Corporation
W-1410,Paresh Rawal,Maharashtra,Ahmedabad East,Construction of Roads at location 997,Roads,6942633.74,2023-01-01,Gram Panchayat
W-1411,Rajnath Singh,Maharashtra,Lucknow,Construction of Health at location 889,Health,19795354.0,2023-10-06,PWD
W-1412,Uma Bharti,West Bengal,Jhansi,Construction of Education at location 672,Education,8566734.24,2023-04-21,PWD
W-1413,Mulayam Singh Yadav,Kerala,Mainpuri,Construction of Sanitation at location 709,Sanitation,1494010.1,2023-01-25,Zila Parishad
W-1414,Sonia Gandhi,Maharashtra,Wayanad,Construction of Education at location 147,Education,6835994.49,2023-02-04,Municipal Corporation
W-1415,Ram Gopal Yadav,Bihar,Sambhal,Construction of Health at location 439,Health,8690214.58,2023-08-08,PWD
W-1416,Devusinh Chauhan,Kerala,Amreli,Construction of Health at location 310,Health,3136737.62,2023-05-30,Municipal Corporation
W-1417,Rajnath Singh,Kerala,Lucknow,Construction of Roads at location 489,Roads,7410355.07,2023-03-06,PWD
W-1418,Shashi Tharoor,Maharashtra,Thiruvananthapuram,Construction of Education at location 813,Education,14974292.15,2023-03-29,Zila Parishad
W-1419,Lalu Prasad Yadav,West Bengal,Saran,Construction of Roads at location 245,Roads,8541859.68,2023-04-19,Zila Parishad
W-1420,Uma Bharti,Maharashtra,Jhansi,Construction of Health at location 937,Health,6721378.95,2023-01-25,PWD
W-1421,Devusinh Chauhan,Maharashtra,Amreli,Construction of Education at location 146,Education,7552118.35,2023-08-29,PWD
W-1422,Mulayam Singh Yadav,Bihar,Mainpuri,Construction of Sanitation at location 915,Sanitation,12427105.18,2023-07-30,Zila Parishad
W-1423,Rajmohan Unnithan,Kerala,Kasaragod,Construction of Sanitation at location 646,Sanitation,8816745.07,2023-01-21,Zila Parishad
W-1424,Chirag Paswan,Uttar Pradesh,Jamui,Construction of Roads at location 621,Roads,6223928.45,2023-05-17,Municipal Corporation
W-1425,Yogi Adityanath,Kerala,Gorakhpur,Construction of Health at location 938,Health,14543070.49,2023-04-19,Gram Panchayat
W-1426,Mamata Banerjee,West Bengal,Kolkata South,Construction of Sanitation at location 509,Sanitation,17252679.27,2023-10-25,PWD
W-1427,A. K. Antony,Kerala,Pathanamthitta,Construction of Sanitation at location 206,Sanitation,17782620.22,2023-06-28,Gram Panchayat
W-1428,Uma Bharti,Bihar,Jhansi,Construction of Education at location 698,Education,8835597.3,2023-04-09,Municipal Corporation
W-1429,Mulayam Singh Yadav,Maharashtra,Mainpuri,Construction of Health at location 15,Health,6812751.1,2023-08-05,Gram Panchayat
W-1430,Anil Desai,West Bengal,Mumbai East,Construction of Drinking Water at location 732,Drinking Water,16272113.31,2023-03-21,Gram Panchayat
W-1431,A. K. Antony,Kerala,Pathanamthitta,Construction of Roads at location 439,Roads,13552461.19,2023-12-03,Zila Parishad
W-1432,Milind Deora,West Bengal,Mumbai North Central,Construction of Education at location 788,Education,6601931.19,2023-04-22,Zila Parishad
W-1433,Devusinh Chauhan,West Bengal,Amreli,Construction of Education at location 758,Education,1545878.43,2023-08-25,PWD
W-1434,Sharad Pawar,Kerala,Satara,Construction of Roads at location 699,Roads,9487517.6,2023-07-28,PWD
W-1435,Amit Shah,Maharashtra,Gandhinagar,Construction of Health at location 24,Health,2695514.1,2023-04-26,Municipal Corporation
W-1436,Ram Vilas Paswan,West Bengal,Hajipur,Construction of Sanitation at location 361,Sanitation,15622353.29,2023-12-20,PWD
W-1437,Yogi Adityanath,Bihar,Gorakhpur,Construction of Drinking Water at location 502,Drinking Water,10401277.84,2023-07-11,Zila Parishad
W-1438,Shashi Tharoor,Kerala,Thiruvananthapuram,Construction of Sanitation at location 22,Sanitation,17953603.78,2023-10-18,Municipal Corporation
W-1439,Akhilesh Yadav,Maharashtra,Azamgarh,Construction of Sanitation at location 69,Sanitation,532053.26,2023-05-28,Municipal Corporation
W-1440,K. C. Venugopal,Bihar,Alappuzha,Construction of Sanitation at location 422,Sanitation,1818292.61,2023-09-08,Zila Parishad
W-1441,Smriti Irani,West Bengal,Amethi,Construction of Education at location 544,Education,14515003.21,2023-06-10,PWD
W-1442,Priyanka Gandhi,Kerala,Varanasi,Construction of Drinking Water at location 694,Drinking Water,9161576.43,2023-04-23,PWD
W-1443,Sanjay Raut,Bihar,Mumbai North West,Construction of Drinking Water at location 775,Drinking Water,5949183.49,2023-10-23,PWD
W-1444,Sonia Gandhi,Uttar Pradesh,Wayanad,Construction of Drinking Water at location 435,Drinking Water,16467950.78,2023-07-03,Zila Parishad
W-1445,Ram Gopal Yadav,Maharashtra,Sambhal,Construction of Health at location 611,Health,7848904.17,2023-03-03,Municipal Corporation
W-1446,Akhilesh Yadav,Maharashtra,Azamgarh,Construction of Education at location 568,Education,1875444.93,2023-02-26,Gram Panchayat
W-1447,Mulayam Singh Yadav,Uttar Pradesh,Mainpuri,Construction of Education at location 61,Education,757961.85,2023-02-23,Municipal Corporation
W-1448,Nitish Kumar,Uttar Pradesh,Nalanda,Construction of Drinking Water at location 814,Drinking Water,11118828.83,2023-07-25,PWD
W-1449,Jaya Bachchan,Maharashtra,Amroha,Construction of Sanitation at location 58,Sanitation,15966006.49,2023-07-17,Zila Parishad
W-1450,Hardik Patel,Uttar Pradesh,Jamnagar,Construction of Sanitation at location 567,Sanitation,2758550.1,2023-07-11,PWD
W-1451,Nusrat Jahan,Kerala,Basirhat,Construction of Drinking Water at location 547,Drinking Water,12757044.81,2023-03-20,PWD
W-1452,Narayan Rane,Kerala,Mumbai North,Construction of Health at location 736,Health,7441176.58,2023-01-06,Municipal Corporation
W-1453,Sudip Bandyopadhyay,Maharashtra,Kolkata North,Construction of Education at location 284,Education,4266620.16,2023-07-28,Gram Panchayat
W-1454,A. K. Antony,Uttar Pradesh,Pathanamthitta,Construction of Drinking Water at location 993,Drinking Water,1586946.64,2023-07-22,Zila Parishad
W-1455,Hardik Patel,Maharashtra,Jamnagar,Construction of Sanitation at location 825,Sanitation,8246793.72,2023-05-10,PWD
W-1456,Shashi Tharoor,Kerala,Thiruvananthapuram,Construction of Drinking Water at location 695,Drinking Water,2078597.85,2023-06-01,PWD
W-1457,Piyush Goyal,Bihar,Mumbai North East,Construction of Education at location 404,Education,17677455.63,2023-02-16,Zila Parishad
W-1458,Ram Gopal Yadav,Bihar,Sambhal,Construction of Health at location 538,Health,13982613.12,2023-08-05,Municipal Corporation
W-1459,Sudip Bandyopadhyay,Maharashtra,Kolkata North,Construction of Education at location 875,Education,17045199.6,2023-02-18,Zila Parishad
W-1460,Narayan Rane,Maharashtra,Mumbai North,Construction of Roads at location 266,Roads,13638246.48,2023-04-28,Zila Parishad
W-1461,Nusrat Jahan,West Bengal,Basirhat,Construction of Drinking Water at location 90,Drinking Water,6192267.88,2023-11-30,Gram Panchayat
W-1462,Supriya Sule,Uttar Pradesh,Baramati,Construction of Roads at location 140,Roads,10738462.13,2023-08-06,Zila Parishad
W-1463,Chirag Paswan,Kerala,Jamui,Construction of Roads at location 254,Roads,11237878.96,2023-10-31,PWD
W-1464,Nusrat Jahan,West Bengal,Basirhat,Construction of Drinking Water at location 556,Drinking Water,1834593.83,2023-08-26,Municipal Corporation
W-1465,Rahul Gandhi,West Bengal,Rae Bareli,Construction of Health at location 155,Health,2218621.4,2023-02-22,PWD
W-1466,Uddhav Thackeray,Maharashtra,Mumbai South,Construction of Education at location 93,Education,10602504.72,2023-01-17,PWD
W-1467,Sudip Bandyopadhyay,Uttar Pradesh,Kolkata North,Construction of Drinking Water at location 169,Drinking Water,14658654.6,2023-01-10,Zila Parishad
W-1468,Paresh Rawal,Bihar,Ahmedabad East,Construction of Sanitation at location 214,Sanitation,19411467.86,2023-05-01,Municipal Corporation
W-1469,Sudip Bandyopadhyay,Maharashtra,Kolkata North,Construction of Drinking Water at location 520,Drinking Water,7021629.28,2023-09-07,Gram Panchayat
W-1470,Nusrat Jahan,Bihar,Basirhat,Construction of Sanitation at location 854,Sanitation,3168480.75,2023-05-29,Municipal Corporation
W-1471,Rajnath Singh,Kerala,Lucknow,Construction of Health at location 86,Health,17118141.63,2023-02-13,PWD
W-1472,Pappu Yadav,Kerala,Madhepura,Construction of Sanitation at location 57,Sanitation,9928212.66,2023-02-08,Zila Parishad
W-1473,Pappu Yadav,Maharashtra,Madhepura,Construction of Health at location 938,Health,19633040.4,2023-02-01,Municipal Corporation
W-1474,Hardik Patel,Kerala,Jamnagar,Construction of Drinking Water at location 530,Drinking Water,8723396.04,2023-06-24,Gram Panchayat
W-1475,Mallikarjun Kharge,Kerala,Gulbarga,Construction of Health at location 309,Health,15448620.92,2023-12-09,Zila Parishad
W-1476,Uddhav Thackeray,West Bengal,Mumbai South,Construction of Drinking Water at location 279,Drinking Water,5997407.93,2023-09-08,Gram Panchayat
W-1477,Mimi Chakraborty,West Bengal,Jadavpur,Construction of Sanitation at location 259,Sanitation,10548451.17,2023-03-31,PWD
W-1478,Uddhav Thackeray,Bihar,Mumbai South,Construction of Drinking Water at location 88,Drinking Water,2959248.79,2023-07-23,PWD
W-1479,Mallikarjun Kharge,Bihar,Gulbarga,Construction of Drinking Water at location 760,Drinking Water,13560211.8,2023-05-07,Zila Parishad
W-1480,A. K. Antony,Kerala,Pathanamthitta,Construction of Sanitation at location 496,Sanitation,3385187.52,2023-08-25,Zila Parishad
W-1481,Gautam Gambhir,Maharashtra,East Delhi,Construction of Health at location 908,Health,16424777.24,2023-03-31,Municipal Corporation
W-1482,Paresh Rawal,Kerala,Ahmedabad East,Construction of Drinking Water at location 365,Drinking Water,7586376.67,2023-02-27,Zila Parishad
W-1483,Sougata Ray,Kerala,Dum Dum,Construction of Sanitation at location 595,Sanitation,6013926.41,2023-07-01,Gram Panchayat
W-1484,Paresh Rawal,Uttar Pradesh,Ahmedabad East,Construction of Sanitation at location 963,Sanitation,17455906.6,2023-01-09,Zila Parishad
W-1485,Hans Raj Hans,Bihar,North West Delhi,Construction of Health at location 682,Health,1639930.75,2023-12-02,Municipal Corporation
W-1486,Devusinh Chauhan,Bihar,Amreli,Construction of Drinking Water at location 561,Drinking Water,16015374.5,2023-10-21,Municipal Corporation
W-1487,Priyanka Gandhi,West Bengal,Varanasi,Construction of Education at location 610,Education,9604122.93,2023-08-04,PWD
W-1488,Sanjay Raut,Maharashtra,Mumbai North West,Construction of Drinking Water at location 754,Drinking Water,1840701.18,2023-05-04,Gram Panchayat
W-1489,Uma Bharti,Kerala,Jhansi,Construction of Sanitation at location 975,Sanitation,9653433.42,2023-05-25,Zila Parishad
W-1490,Ram Gopal Yadav,Kerala,Sambhal,Construction of Health at location 7,Health,3740607.49,2023-09-06,PWD
W-1491,Milind Deora,Kerala,Mumbai North Central,Construction of Drinking Water at location 394,Drinking Water,14338591.2,2023-01-10,Gram Panchayat
W-1492,Chirag Paswan,Maharashtra,Jamui,Construction of Sanitation at location 58,Sanitation,4181483.54,2023-07-04,Trust
W-1493,Nusrat Jahan,Maharashtra,Basirhat,Construction of Sanitation at location 555,Sanitation,9801176.16,2023-10-19,Gram Panchayat
W-1494,Mulayam Singh Yadav,Uttar Pradesh,Mainpuri,Construction of Health at location 486,Health,17863598.49,2023-07-01,Gram Panchayat
W-1495,Gautam Gambhir,Kerala,East Delhi,Construction of Education at location 745,Education,3513156.18,2023-02-09,Municipal Corporation
W-1496,Mimi Chakraborty,Maharashtra,Jadavpur,Construction of Roads at location 849,Roads,18783975.71,2023-11-18,Municipal Corporation
W-1497,Sharad Pawar,West Bengal,Satara,Construction of Roads at location 837,Roads,10995291.99,2023-09-03,Zila Parishad
W-1498,Chirag Paswan,Uttar Pradesh,Jamui,Construction of Education at location 664,Education,6260729.71,2023-01-14,Gram Panchayat
W-1499,Mamata Banerjee,West Bengal,Kolkata South,Construction of Roads at location 641,Roads,1064414.18,2023-12-01,Gram Panchayat
W-1500,Shashi Tharoor,Maharashtra,Thiruvananthapuram,Construction of Sanitation at location 641,Sanitation,5586560.3,2023-01-10,PWD
W-1501,Mallikarjun Kharge,West Bengal,Gulbarga,Construction of Health at location 530,Health,17514139.06,2023-06-16,Zila Parishad
W-1502,Priyanka Chaturvedi,West Bengal,Mumbai South Central,Construction of Roads at location 713,Roads,19351317.44,2023-07-19,Zila Parishad
W-1503,Uma Bharti,Uttar Pradesh,Jhansi,Construction of Drinking Water at location 235,Drinking Water,13911499.52,2023-07-25,Zila Parishad
W-1504,Nitish Kumar,Maharashtra,Nalanda,Construction of Health at location 618,Health,14367621.71,2023-05-13,PWD
W-1505,Sougata Ray,Uttar Pradesh,Dum Dum,Construction of Drinking Water at location 17,Drinking Water,8399607.06,2023-07-15,Municipal Corporation
W-1506,Paresh Rawal,Bihar,Ahmedabad East,Construction of Sanitation at location 314,Sanitation,4613912.87,2023-06-28,Municipal Corporation
W-1507,K. C. Venugopal,Bihar,Alappuzha,Construction of Education at location 579,Education,9929222.09,2023-11-28,Zila Parishad
W-1508,Lalu Prasad Yadav,West Bengal,Saran,Construction of Sanitation at location 992,Sanitation,10428140.55,2023-08-07,Gram Panchayat
W-1509,Rahul Gandhi,West Bengal,Rae Bareli,Construction of Health at location 473,Health,2284006.61,2023-10-23,Gram Panchayat
W-1510,Manoj Tiwari,Bihar,North East Delhi,Construction of Roads at location 589,Roads,4903872.83,2023-06-29,Municipal Corporation
W-1511,Sudip Bandyopadhyay,Kerala,Kolkata North,Construction of Health at location 615,Health,1525200.76,2023-02-08,Zila Parishad
W-1512,Sanjay Raut,Kerala,Mumbai North West,Construction of Drinking Water at location 523,Drinking Water,3896055.5,2023-11-23,PWD
W-1513,Anandiben Patel,Uttar Pradesh,Anand,Construction of Roads at location 738,Roads,6310121.16,2023-07-18,Zila Parishad
W-1514,Sougata Ray,Uttar Pradesh,Dum Dum,Construction of Roads at location 861,Roads,11758391.32,2023-03-13,Gram Panchayat
W-1515,Amit Shah,Bihar,Gandhinagar,Construction of Drinking Water at location 635,Drinking Water,19981465.21,2023-06-25,PWD
W-1516,Manoj Tiwari,West Bengal,North East Delhi,Construction of Sanitation at location 375,Sanitation,17425992.04,2023-04-02,Zila Parishad
W-1517,Priyanka Chaturvedi,Kerala,Mumbai South Central,Construction of Health at location 738,Health,16781988.82,2023-02-22,Municipal Corporation
W-1518,Yogi Adityanath,Uttar Pradesh,Gorakhpur,Construction of Education at location 97,Education,14085435.26,2023-12-24,Municipal Corporation
W-1519,Narayan Rane,West Bengal,Mumbai North,Construction of Education at location 671,Education,15473589.09,2023-04-13,Gram Panchayat
W-1520,Chirag Paswan,Bihar,Jamui,Construction of Drinking Water at location 188,Drinking Water,18606832.89,2023-08-18,PWD
W-1521,Sanjay Raut,Bihar,Mumbai North West,Construction of Sanitation at location 218,Sanitation,15116138.5,2023-07-08,Zila Parishad
W-1522,Uddhav Thackeray,West Bengal,Mumbai South,Construction of Health at location 47,Health,19469477.18,2023-12-17,Municipal Corporation
W-1523,Mamata Banerjee,Maharashtra,Kolkata South,Construction of Sanitation at location 199,Sanitation,7011098.19,2023-11-16,PWD
W-1524,P. Chidambaram,Maharashtra,Sivaganga,Construction of Sanitation at location 777,Sanitation,13833869.92,2023-09-28,Municipal Corporation
W-1525,Mulayam Singh Yadav,Uttar Pradesh,Mainpuri,Construction of Sanitation at location 225,Sanitation,6039138.59,2023-03-14,Zila Parishad
W-1526,A. K. Antony,Kerala,Pathanamthitta,Construction of Sanitation at location 554,Sanitation,13943634.11,2023-05-15,Municipal Corporation
W-1527,Rajmohan Unnithan,Kerala,Kasaragod,Construction of Education at location 6,Education,6785334.08,2023-05-05,PWD
W-1528,Milind Deora,Uttar Pradesh,Mumbai North Central,Construction of Roads at location 961,Roads,8923792.74,2023-07-28,Municipal Corporation
W-1529,Mamata Banerjee,Uttar Pradesh,Kolkata South,Construction of Sanitation at location 922,Sanitation,4628430.26,2023-11-29,Zila Parishad
W-1530,Sougata Ray,Maharashtra,Dum Dum,Construction of Drinking Water at location 779,Drinking Water,15219135.44,2023-07-12,PWD
W-1531,Manoj Tiwari,Bihar,North East Delhi,Construction of Drinking Water at location 215,Drinking Water,9427196.18,2023-11-11,PWD
W-1532,Nitish Kumar,Uttar Pradesh,Nalanda,Construction of Health at location 498,Health,18941444.61,2023-04-27,Gram Panchayat
W-1533,Ram Gopal Yadav,Maharashtra,Sambhal,Construction of Sanitation at location 640,Sanitation,3041248.45,2023-11-03,Gram Panchayat
W-1534,Mulayam Singh Yadav,Maharashtra,Mainpuri,Construction of Drinking Water at location 534,Drinking Water,13703923.14,2023-03-07,Zila Parishad
W-1535,Amit Shah,Maharashtra,Gandhinagar,Construction of Sanitation at location 514,Sanitation,633394.59,2023-09-01,PWD
W-1536,Ram Gopal Yadav,West Bengal,Sambhal,Construction of Sanitation at location 594,Sanitation,9242756.18,2023-05-24,Zila Parishad
W-1537,Nana Patole,Kerala,Nagpur,Construction of Drinking Water at location 649,Drinking Water,17575859.99,2023-04-10,PWD
W-1538,Yogi Adityanath,Kerala,Gorakhpur,Construction of Health at location 82,Health,3348883.03,2023-08-30,Zila Parishad
W-1539,Dimple Yadav,Bihar,Firozabad,Construction of Health at location 570,Health,19987330.86,2023-04-22,Gram Panchayat
W-1540,Paresh Rawal,Uttar Pradesh,Ahmedabad East,Construction of Sanitation at location 374,Sanitation,19560044.59,2023-03-10,Municipal Corporation
W-1541,Hema Malini,Maharashtra,Mathura,Construction of Drinking Water at location 386,Drinking Water,8669119.87,2023-03-03,PWD
W-1542,Parvesh Verma,Uttar Pradesh,West Delhi,Construction of Drinking Water at location 352,Drinking Water,16937436.91,2023-11-29,Gram Panchayat
W-1543,Lalu Prasad Yadav,West Bengal,Saran,Construction of Sanitation at location 515,Sanitation,12881129.74,2023-01-26,Zila Parishad
W-1544,Paresh Rawal,Bihar,Ahmedabad East,Construction of Drinking Water at location 597,Drinking Water,2324408.43,2023-04-10,PWD
W-1545,Hema Malini,Bihar,Mathura,Construction of Roads at location 879,Roads,4250754.08,2023-11-25,Trust
W-1546,Anil Desai,Bihar,Mumbai East,Construction of Education at location 702,Education,10601299.3,2023-03-24,Gram Panchayat
W-1547,Ram Gopal Yadav,Maharashtra,Sambhal,Construction of Drinking Water at location 864,Drinking Water,7358542.17,2023-01-12,Gram Panchayat
W-1548,Ramvir Singh Bidhuri,Maharashtra,South Delhi,Construction of Education at location 18,Education,1586695.72,2023-08-30,PWD
W-1549,P. Chidambaram,Bihar,Sivaganga,Construction of Drinking Water at location 923,Drinking Water,12565566.16,2023-03-13,PWD
W-1550,Lalu Prasad Yadav,Bihar,Saran,Construction of Health at location 99,Health,18024020.18,2023-10-05,Municipal Corporation
W-1551,Supriya Sule,Maharashtra,Baramati,Construction of Sanitation at location 226,Sanitation,18685743.05,2023-02-20,Zila Parishad
W-1552,Dimple Yadav,Maharashtra,Firozabad,Construction of Health at location 460,Health,19307520.39,2023-05-13,Gram Panchayat
W-1553,Mimi Chakraborty,Maharashtra,Jadavpur,Construction of Drinking Water at location 293,Drinking Water,8434519.41,2023-06-22,Zila Parishad
W-1554,Amit Shah,Bihar,Gandhinagar,Construction of Roads at location 299,Roads,17648164.61,2023-07-27,Municipal Corporation
W-1555,Sanjay Raut,Bihar,Mumbai North West,Construction of Roads at location 304,Roads,2871302.56,2023-11-17,Municipal Corporation
W-1556,Parvesh Verma,Uttar Pradesh,West Delhi,Construction of Health at location 429,Health,18201344.25,2023-01-17,Municipal Corporation
W-1557,Mallikarjun Kharge,Kerala,Gulbarga,Construction of Roads at location 85,Roads,4066414.53,2023-09-24,Municipal Corporation
W-1558,Mamata Banerjee,Maharashtra,Kolkata South,Construction of Drinking Water at location 617,Drinking Water,18679204.24,2023-01-27,Municipal Corporation
W-1559,P. Chidambaram,Maharashtra,Sivaganga,Construction of Drinking Water at location 633,Drinking Water,9963167.36,2023-01-26,Gram Panchayat
W-1560,Hema Malini,Kerala,Mathura,Construction of Drinking Water at location 790,Drinking Water,5437378.69,2023-12-25,PWD
W-1561,P. Chidambaram,Uttar Pradesh,Sivaganga,Construction of Health at location 16,Health,6289465.65,2023-11-28,Zila Parishad
W-1562,Rahul Gandhi,Uttar Pradesh,Rae Bareli,Construction of Roads at location 498,Roads,12651188.15,2023-06-27,PWD
W-1563,Dimple Yadav,Uttar Pradesh,Firozabad,Construction of Drinking Water at location 453,Drinking Water,6138166.01,2023-03-01,Gram Panchayat
W-1564,A. K. Antony,Maharashtra,Pathanamthitta,Construction of Education at location 977,Education,10945934.92,2023-07-05,PWD
W-1565,Dimple Yadav,Maharashtra,Firozabad,Construction of Roads at location 928,Roads,14658195.86,2023-07-08,Gram Panchayat
W-1566,Pappu Yadav,Kerala,Madhepura,Construction of Education at location 859,Education,3825491.95,2023-08-06,Zila Parishad
W-1567,P. Chidambaram,West Bengal,Sivaganga,Construction of Health at location 785,Health,5247607.36,2023-10-15,Municipal Corporation
W-1568,Hardik Patel,Maharashtra,Jamnagar,Construction of Sanitation at location 198,Sanitation,14968910.13,2023-10-28,PWD
W-1569,Mallikarjun Kharge,Bihar,Gulbarga,Construction of Education at location 991,Education,2969423.95,2023-10-12,Municipal Corporation
W-1570,Dimple Yadav,Bihar,Firozabad,Construction of Sanitation at location 794,Sanitation,13348585.23,2023-05-17,Municipal Corporation
W-1571,Amit Shah,Maharashtra,Gandhinagar,Construction of Health at location 990,Health,2745537.85,2023-03-28,Trust
W-1572,Piyush Goyal,Bihar,Mumbai North East,Construction of Education at location 602,Education,9690774.99,2023-11-27,PWD
W-1573,Pappu Yadav,West Bengal,Madhepura,Construction of Roads at location 483,Roads,13616564.7,2023-07-10,Gram Panchayat
W-1574,Ramvir Singh Bidhuri,West Bengal,South Delhi,Construction of Sanitation at location 700,Sanitation,14733508.63,2023-11-02,Gram Panchayat
W-1575,Dimple Yadav,Maharashtra,Firozabad,Construction of Education at location 753,Education,16810574.88,2023-12-03,PWD
W-1576,Akhilesh Yadav,Uttar Pradesh,Azamgarh,Construction of Health at location 158,Health,6295675.22,2023-11-22,Trust
W-1577,V. Muraleedharan,Maharashtra,Thrissur,Construction of Drinking Water at location 556,Drinking Water,4581468.48,2023-11-28,Gram Panchayat
W-1578,K. C. Venugopal,Bihar,Alappuzha,Construction of Education at location 116,Education,18569978.3,2023-04-03,Gram Panchayat
W-1579,Sharad Pawar,Kerala,Satara,Construction of Roads at location 305,Roads,3491551.21,2023-12-20,Municipal Corporation
W-1580,Milind Deora,Uttar Pradesh,Mumbai North Central,Construction of Sanitation at location 754,Sanitation,1872904.57,2023-05-12,Zila Parishad
W-1581,Gautam Gambhir,Bihar,East Delhi,Construction of Health at location 595,Health,7406006.84,2023-08-28,Municipal Corporation
W-1582,Dimple Yadav,Maharashtra,Firozabad,Construction of Sanitation at location 234,Sanitation,14542171.0,2023-10-08,Municipal Corporation
W-1583,Anil Desai,Bihar,Mumbai East,Construction of Health at location 147,Health,18393213.58,2023-09-12,Gram Panchayat
W-1584,Rahul Gandhi,Bihar,Rae Bareli,Construction of Health at location 822,Health,2398846.22,2023-09-19,Zila Parishad
W-1585,Hardik Patel,Uttar Pradesh,Jamnagar,Construction of Sanitation at location 915,Sanitation,1717663.36,2023-06-04,Gram Panchayat
W-1586,Chirag Paswan,West Bengal,Jamui,Construction of Drinking Water at location 199,Drinking Water,17427914.12,2023-11-06,Zila Parishad
W-1587,Devusinh Chauhan,Maharashtra,Amreli,Construction of Sanitation at location 219,Sanitation,7663140.05,2023-12-14,Gram Panchayat
W-1588,Yogi Adityanath,Kerala,Gorakhpur,Construction of Sanitation at location 698,Sanitation,2145232.48,2023-12-07,Gram Panchayat
W-1589,Mamata Banerjee,Uttar Pradesh,Kolkata South,Construction of Drinking Water at location 921,Drinking Water,1232541.48,2023-06-26,Zila Parishad
W-1590,Piyush Goyal,Kerala,Mumbai North East,Construction of Health at location 803,Health,13604385.36,2023-11-29,Zila Parishad
W-1591,Milind Deora,Uttar Pradesh,Mumbai North Central,Construction of Education at location 567,Education,18455031.57,2023-08-19,Municipal Corporation
W-1592,V. Muraleedharan,Uttar Pradesh,Thrissur,Construction of Roads at location 130,Roads,12773762.37,2023-05-21,Gram Panchayat
W-1593,Sudip Bandyopadhyay,Kerala,Kolkata North,Construction of Roads at location 23,Roads,18288047.64,2023-08-12,Municipal Corporation
W-1594,Uma Bharti,West Bengal,Jhansi,Construction of Roads at location 371,Roads,17895147.77,2023-04-09,PWD
W-1595,Ram Vilas Paswan,Maharashtra,Hajipur,Construction of Health at location 603,Health,14021316.64,2023-10-16,Zila Parishad
W-1596,P. Chidambaram,Uttar Pradesh,Sivaganga,Construction of Roads at location 208,Roads,10692834.35,2023-01-19,Gram Panchayat
W-1597,Amit Shah,Uttar Pradesh,Gandhinagar,Construction of Health at location 332,Health,4383559.5,2023-03-20,Zila Parishad
W-1598,Parvesh Verma,West Bengal,West Delhi,Construction of Health at location 163,Health,5614349.28,2023-08-14,PWD
W-1599,Ramvir Singh Bidhuri,Bihar,South Delhi,Construction of Roads at location 844,Roads,12548399.76,2023-04-02,PWD
W-1600,Ram Vilas Paswan,West Bengal,Hajipur,Construction of Health at location 691,Health,12107898.4,2023-11-30,PWD
W-1601,P. Chidambaram,Bihar,Sivaganga,Construction of Roads at location 318,Roads,18179739.29,2023-01-23,PWD
W-1602,Parvesh Verma,Maharashtra,West Delhi,Construction of Education at location 394,Education,16323585.81,2023-12-21,PWD
W-1603,Sharad Pawar,Bihar,Satara,Construction of Education at location 870,Education,19394415.74,2023-11-22,PWD
W-1604,Anil Desai,West Bengal,Mumbai East,Construction of Education at location 594,Education,12640220.26,2023-06-30,Zila Parishad
W-1605,Rahul Gandhi,West Bengal,Rae Bareli,Construction of Roads at location 881,Roads,6329059.93,2023-08-25,Zila Parishad
W-1606,Nitish Kumar,Bihar,Nalanda,Construction of Roads at location 605,Roads,12349870.0,2023-04-04,Zila Parishad
W-1607,Mimi Chakraborty,West Bengal,Jadavpur,Construction of Drinking Water at location 229,Drinking Water,15765548.05,2023-12-10,PWD
W-1608,Mamata Banerjee,Bihar,Kolkata South,Construction of Health at location 843,Health,15954525.47,2023-01-29,Municipal Corporation
W-1609,Ram Vilas Paswan,Kerala,Hajipur,Construction of Sanitation at location 962,Sanitation,18081808.97,2023-10-24,PWD
W-1610,Ramvir Singh Bidhuri,Bihar,South Delhi,Construction of Education at location 324,Education,19425816.08,2023-07-05,Gram Panchayat
W-1611,Pappu Yadav,Uttar Pradesh,Madhepura,Construction of Education at location 481,Education,9932419.73,2023-11-29,Gram Panchayat
W-1612,Yogi Adityanath,Uttar Pradesh,Gorakhpur,Construction of Sanitation at location 922,Sanitation,12076147.41,2023-11-05,PWD
W-1613,Mimi Chakraborty,Kerala,Jadavpur,Construction of Roads at location 666,Roads,614362.19,2023-06-16,PWD
W-1614,Mulayam Singh Yadav,Uttar Pradesh,Mainpuri,Construction of Sanitation at location 732,Sanitation,11593967.41,2023-01-08,Gram Panchayat
W-1615,Nana Patole,Bihar,Nagpur,Construction of Sanitation at location 411,Sanitation,6382413.71,2023-11-30,PWD
W-1616,Parvesh Verma,Kerala,West Delhi,Construction of Education at location 401,Education,10902864.07,2023-10-23,Municipal Corporation
W-1617,V. Muraleedharan,Uttar Pradesh,Thrissur,Construction of Education at location 887,Education,2191598.39,2023-01-23,Gram Panchayat
W-1618,Ram Vilas Paswan,West Bengal,Hajipur,Construction of Sanitation at location 966,Sanitation,15699918.83,2023-09-03,Zila Parishad
W-1619,Milind Deora,West Bengal,Mumbai North Central,Construction of Health at location 564,Health,13482422.19,2023-10-14,Municipal Corporation
W-1620,Pappu Yadav,Uttar Pradesh,Madhepura,Construction of Drinking Water at location 230,Drinking Water,15985623.95,2023-09-28,PWD
W-1621,P. Chidambaram,Bihar,Sivaganga,Construction of Drinking Water at location 594,Drinking Water,3977464.49,2023-04-15,Gram Panchayat
W-1622,Ram Gopal Yadav,Bihar,Sambhal,Construction of Sanitation at location 148,Sanitation,17923444.44,2023-03-02,Zila Parishad
W-1623,Mamata Banerjee,Uttar Pradesh,Kolkata South,Construction of Sanitation at location 208,Sanitation,10701581.02,2023-10-07,Municipal Corporation
W-1624,Akhilesh Yadav,Bihar,Azamgarh,Construction of Drinking Water at location 924,Drinking Water,11097946.36,2023-10-12,Zila Parishad
W-1625,Hema Malini,Bihar,Mathura,Construction of Drinking Water at location 371,Drinking Water,12395845.24,2023-02-25,Municipal Corporation
W-1626,Paresh Rawal,Maharashtra,Ahmedabad East,Construction of Roads at location 585,Roads,11129126.55,2023-12-06,PWD
W-1627,Gautam Gambhir,West Bengal,East Delhi,Construction of Roads at location 646,Roads,14254449.22,2023-07-30,PWD
W-1628,Rajnath Singh,Kerala,Lucknow,Construction of Sanitation at location 673,Sanitation,16241602.16,2023-03-07,Zila Parishad
W-1629,Mimi Chakraborty,Maharashtra,Jadavpur,Construction of Sanitation at location 402,Sanitation,5143434.44,2023-09-10,Gram Panchayat
W-1630,Pappu Yadav,Maharashtra,Madhepura,Construction of Drinking Water at location 597,Drinking Water,15078144.0,2023-07-07,Trust
W-1631,Smriti Irani,Maharashtra,Amethi,Construction of Drinking Water at location 191,Drinking Water,6093509.59,2023-01-09,Gram Panchayat
W-1632,Sharad Pawar,Kerala,Satara,Construction of Drinking Water at location 548,Drinking Water,10471112.25,2023-02-17,PWD
W-1633,Yogi Adityanath,Bihar,Gorakhpur,Construction of Drinking Water at location 106,Drinking Water,7422797.69,2023-06-16,PWD
W-1634,Paresh Rawal,Uttar Pradesh,Ahmedabad East,Construction of Roads at location 354,Roads,16604820.42,2023-08-19,Gram Panchayat
W-1635,A. K. Antony,Kerala,Pathanamthitta,Construction of Education at location 657,Education,1613432.03,2023-12-20,Municipal Corporation
W-1636,Chirag Paswan,Bihar,Jamui,Construction of Sanitation at location 717,Sanitation,4003310.83,2023-11-11,Zila Parishad
W-1637,Supriya Sule,Kerala,Baramati,Construction of Roads at location 132,Roads,18683827.09,2023-12-22,PWD
W-1638,Supriya Sule,Bihar,Baramati,Construction of Drinking Water at location 912,Drinking Water,19262819.59,2023-07-23,PWD
W-1639,P. Chidambaram,West Bengal,Sivaganga,Construction of Education at location 139,Education,6132368.58,2023-04-27,PWD
W-1640,Piyush Goyal,Kerala,Mumbai North East,Construction of Sanitation at location 326,Sanitation,17174028.53,2023-11-30,Municipal Corporation
W-1641,Anil Desai,West Bengal,Mumbai East,Construction of Drinking Water at location 568,Drinking Water,17520189.57,2023-10-05,PWD
W-1642,Mimi Chakraborty,West Bengal,Jadavpur,Construction of Roads at location 973,Roads,12590026.0,2023-10-14,Zila Parishad
W-1643,Manoj Tiwari,Maharashtra,North East Delhi,Construction of Roads at location 330,Roads,9576995.96,2023-05-12,PWD
W-1644,Sanjay Raut,Kerala,Mumbai North West,Construction of Drinking Water at location 20,Drinking Water,15239784.4,2023-08-27,PWD
W-1645,Ram Gopal Yadav,Uttar Pradesh,Sambhal,Construction of Education at location 963,Education,1520769.98,2023-08-24,Gram Panchayat
W-1646,Devusinh Chauhan,Kerala,Amreli,Construction of Education at location 948,Education,13610372.79,2023-05-16,Zila Parishad
W-1647,Mimi Chakraborty,Kerala,Jadavpur,Construction of Roads at location 516,Roads,5994937.13,2023-03-17,PWD
W-1648,Ram Gopal Yadav,Maharashtra,Sambhal,Construction of Sanitation at location 77,Sanitation,15442929.39,2023-01-28,Zila Parishad
W-1649,Akhilesh Yadav,Kerala,Azamgarh,Construction of Education at location 303,Education,15916067.28,2023-04-22,Zila Parishad
W-1650,Mulayam Singh Yadav,West Bengal,Mainpuri,Construction of Sanitation at location 177,Sanitation,7814438.4,2023-03-04,PWD
W-1651,Hardik Patel,Kerala,Jamnagar,Construction of Health at location 746,Health,11752748.88,2023-02-15,Zila Parishad
W-1652,K. C. Venugopal,Uttar Pradesh,Alappuzha,Construction of Roads at location 840,Roads,16781657.11,2023-10-08,Zila Parishad
W-1653,Hans Raj Hans,Uttar Pradesh,North West Delhi,Construction of Sanitation at location 783,Sanitation,5179003.62,2023-07-12,Municipal Corporation
W-1654,Sanjay Raut,Bihar,Mumbai North West,Construction of Roads at location 487,Roads,5108683.49,2023-04-21,Municipal Corporation
W-1655,Sudip Bandyopadhyay,Uttar Pradesh,Kolkata North,Construction of Sanitation at location 643,Sanitation,16215163.93,2023-11-25,Gram Panchayat
W-1656,Smriti Irani,West Bengal,Amethi,Construction of Health at location 209,Health,14930347.1,2023-02-07,Zila Parishad
W-1657,V. Muraleedharan,Uttar Pradesh,Thrissur,Construction of Education at location 640,Education,6043621.64,2023-04-15,Zila Parishad
W-1658,Jaya Bachchan,Maharashtra,Amroha,Construction of Health at location 405,Health,10362570.26,2023-10-08,Gram Panchayat
W-1659,Anandiben Patel,Maharashtra,Anand,Construction of Roads at location 209,Roads,9227614.03,2023-10-08,PWD
W-1660,Rajnath Singh,Bihar,Lucknow,Construction of Roads at location 400,Roads,10644494.54,2023-07-26,Municipal Corporation
W-1661,Supriya Sule,West Bengal,Baramati,Construction of Drinking Water at location 355,Drinking Water,7618427.55,2023-08-03,Zila Parishad
W-1662,Priyanka Gandhi,Bihar,Varanasi,Construction of Roads at location 103,Roads,5527312.04,2023-08-03,Gram Panchayat
W-1663,K. C. Venugopal,Bihar,Alappuzha,Construction of Roads at location 411,Roads,18502863.07,2023-03-14,PWD
W-1664,Priyanka Gandhi,Uttar Pradesh,Varanasi,Construction of Sanitation at location 974,Sanitation,4228605.1,2023-11-26,Gram Panchayat
W-1665,Hema Malini,Kerala,Mathura,Construction of Education at location 754,Education,4229908.74,2023-10-26,PWD
W-1666,A. K. Antony,Kerala,Pathanamthitta,Construction of Sanitation at location 168,Sanitation,15793456.39,2023-10-27,PWD
W-1667,P. Chidambaram,Bihar,Sivaganga,Construction of Drinking Water at location 747,Drinking Water,4350251.93,2023-11-09,Municipal Corporation
W-1668,Devusinh Chauhan,Kerala,Amreli,Construction of Sanitation at location 353,Sanitation,15514485.56,2023-10-15,PWD
W-1669,Chirag Paswan,Kerala,Jamui,Construction of Health at location 866,Health,17358556.16,2023-01-26,Municipal Corporation
W-1670,Uma Bharti,Bihar,Jhansi,Construction of Sanitation at location 13,Sanitation,17793215.02,2023-10-26,Zila Parishad
W-1671,Akhilesh Yadav,Uttar Pradesh,Azamgarh,Construction of Health at location 573,Health,15538883.9,2023-05-03,Zila Parishad
W-1672,Dimple Yadav,Maharashtra,Firozabad,Construction of Sanitation at location 240,Sanitation,17789002.04,2023-12-25,Municipal Corporation
W-1673,Priyanka Chaturvedi,Maharashtra,Mumbai South Central,Construction of Roads at location 339,Roads,10068539.75,2023-10-13,PWD
W-1674,Rahul Gandhi,Kerala,Rae Bareli,Construction of Roads at location 868,Roads,11532072.48,2023-10-10,Zila Parishad
W-1675,Uma Bharti,Kerala,Jhansi,Construction of Roads at location 746,Roads,11604792.04,2023-09-17,PWD
W-1676,Amit Shah,Uttar Pradesh,Gandhinagar,Construction of Health at location 761,Health,13407080.74,2023-09-27,PWD
W-1677,Uddhav Thackeray,West Bengal,Mumbai South,Construction of Drinking Water at location 65,Drinking Water,17141216.8,2023-01-04,PWD
W-1678,Sonia Gandhi,Bihar,Wayanad,Construction of Sanitation at location 141,Sanitation,5497701.32,2023-09-22,Municipal Corporation
W-1679,Sonia Gandhi,Bihar,Wayanad,Construction of Sanitation at location 442,Sanitation,2904036.59,2023-10-19,Gram Panchayat
W-1680,Hardik Patel,Maharashtra,Jamnagar,Construction of Drinking Water at location 461,Drinking Water,17679579.65,2023-02-28,Gram Panchayat
W-1681,Narayan Rane,Uttar Pradesh,Mumbai North,Construction of Sanitation at location 728,Sanitation,1752928.1,2023-03-30,Gram Panchayat
W-1682,Mallikarjun Kharge,Uttar Pradesh,Gulbarga,Construction of Sanitation at location 785,Sanitation,1291421.39,2023-02-18,PWD
W-1683,Mulayam Singh Yadav,West Bengal,Mainpuri,Construction of Health at location 230,Health,19792315.52,2023-10-07,Zila Parishad
W-1684,K. C. Venugopal,Uttar Pradesh,Alappuzha,Construction of Roads at location 382,Roads,8352088.56,2023-03-30,Zila Parishad
W-1685,Anandiben Patel,Maharashtra,Anand,Construction of Education at location 237,Education,10610613.01,2023-08-15,Municipal Corporation
W-1686,Mamata Banerjee,Uttar Pradesh,Kolkata South,Construction of Health at location 950,Health,7321165.41,2023-11-06,Zila Parishad
W-1687,Mallikarjun Kharge,Maharashtra,Gulbarga,Construction of Education at location 644,Education,11116995.98,2023-12-02,Municipal Corporation
W-1688,Parvesh Verma,Uttar Pradesh,West Delhi,Construction of Education at location 421,Education,9862631.32,2023-11-18,Zila Parishad
W-1689,Gautam Gambhir,Uttar Pradesh,East Delhi,Construction of Education at location 638,Education,6317586.0,2023-06-19,Municipal Corporation
W-1690,Hans Raj Hans,Bihar,North West Delhi,Construction of Sanitation at location 599,Sanitation,13905018.79,2023-09-15,Zila Parishad
W-1691,Mallikarjun Kharge,Uttar Pradesh,Gulbarga,Construction of Sanitation at location 619,Sanitation,3007301.78,2023-10-02,PWD
W-1692,Sudip Bandyopadhyay,Kerala,Kolkata North,Construction of Education at location 996,Education,13557419.5,2023-02-28,Municipal Corporation
W-1693,Narayan Rane,Kerala,Mumbai North,Construction of Education at location 533,Education,11096414.12,2023-02-21,Gram Panchayat
W-1694,Uma Bharti,Kerala,Jhansi,Construction of Health at location 51,Health,7670315.91,2023-06-30,Municipal Corporation
W-1695,Amit Shah,West Bengal,Gandhinagar,Construction of Health at location 513,Health,10648893.8,2023-05-11,Gram Panchayat
W-1696,Hardik Patel,West Bengal,Jamnagar,Construction of Sanitation at location 233,Sanitation,3780116.3,2023-05-31,Gram Panchayat
W-1697,Sanjay Raut,Maharashtra,Mumbai North West,Construction of Health at location 61,Health,19927787.68,2023-05-27,Gram Panchayat
W-1698,Priyanka Chaturvedi,Maharashtra,Mumbai South Central,Construction of Roads at location 797,Roads,1248095.3,2023-11-21,PWD
W-1699,Manoj Tiwari,Kerala,North East Delhi,Construction of Education at location 699,Education,3195788.53,2023-02-21,Gram Panchayat
W-1700,Nitish Kumar,Kerala,Nalanda,Construction of Sanitation at location 663,Sanitation,5798296.62,2023-10-13,Municipal Corporation
W-1701,Nana Patole,Maharashtra,Nagpur,Construction of Roads at location 197,Roads,11357958.03,2023-10-21,Zila Parishad
W-1702,Rajnath Singh,Bihar,Lucknow,Construction of Health at location 42,Health,15093036.25,2023-01-12,PWD
W-1703,Sanjay Raut,Bihar,Mumbai North West,Construction of Roads at location 754,Roads,8836361.22,2023-05-21,Gram Panchayat
W-1704,Shashi Tharoor,Uttar Pradesh,Thiruvananthapuram,Construction of Drinking Water at location 997,Drinking Water,6202094.14,2023-01-09,Gram Panchayat
W-1705,Piyush Goyal,Uttar Pradesh,Mumbai North East,Construction of Education at location 87,Education,11667314.91,2023-11-03,Municipal Corporation
W-1706,Rajnath Singh,West Bengal,Lucknow,Construction of Sanitation at location 992,Sanitation,14552017.67,2023-03-12,PWD
W-1707,Jaya Bachchan,Maharashtra,Amroha,Construction of Drinking Water at location 592,Drinking Water,8535883.09,2023-07-11,Municipal Corporation
W-1708,Chirag Paswan,Maharashtra,Jamui,Construction of Roads at location 795,Roads,10039983.05,2023-09-30,Gram Panchayat
W-1709,Mulayam Singh Yadav,Bihar,Mainpuri,Construction of Roads at location 850,Roads,19809339.42,2023-11-17,Zila Parishad
W-1710,P. Chidambaram,Kerala,Sivaganga,Construction of Roads at location 623,Roads,16892336.57,2023-05-26,Municipal Corporation
W-1711,Priyanka Chaturvedi,West Bengal,Mumbai South Central,Construction of Health at location 541,Health,1486638.65,2023-05-24,Gram Panchayat
W-1712,Hardik Patel,Maharashtra,Jamnagar,Construction of Drinking Water at location 440,Drinking Water,18072963.65,2023-07-29,Gram Panchayat
W-1713,A. K. Antony,Bihar,Pathanamthitta,Construction of Sanitation at location 957,Sanitation,17932467.03,2023-02-23,Gram Panchayat
W-1714,Priyanka Gandhi,Maharashtra,Varanasi,Construction of Health at location 258,Health,3375333.68,2023-06-27,Gram Panchayat
W-1715,Piyush Goyal,Kerala,Mumbai North East,Construction of Sanitation at location 95,Sanitation,3550324.92,2023-05-05,PWD
W-1716,Shashi Tharoor,Bihar,Thiruvananthapuram,Construction of Drinking Water at location 912,Drinking Water,7175514.61,2023-10-20,Zila Parishad
W-1717,Amit Shah,Maharashtra,Gandhinagar,Construction of Sanitation at location 261,Sanitation,5704536.12,2023-03-18,Municipal Corporation
W-1718,Milind Deora,Bihar,Mumbai North Central,Construction of Education at location 427,Education,6471665.28,2023-11-12,Zila Parishad
W-1719,Hardik Patel,Maharashtra,Jamnagar,Construction of Education at location 627,Education,13945917.07,2023-12-31,PWD
W-1720,Ram Gopal Yadav,Uttar Pradesh,Sambhal,Construction of Education at location 607,Education,2293697.96,2023-08-11,Gram Panchayat
W-1721,Lalu Prasad Yadav,Bihar,Saran,Construction of Drinking Water at location 365,Drinking Water,19717720.6,2023-07-08,Gram Panchayat
W-1722,Priyanka Chaturvedi,West Bengal,Mumbai South Central,Construction of Roads at location 183,Roads,16226670.95,2023-04-17,Municipal Corporation
W-1723,Shashi Tharoor,Bihar,Thiruvananthapuram,Construction of Education at location 403,Education,11806767.65,2023-01-28,Municipal Corporation
W-1724,Manoj Tiwari,Bihar,North East Delhi,Construction of Roads at location 884,Roads,6401486.64,2023-07-08,PWD
W-1725,Mallikarjun Kharge,Maharashtra,Gulbarga,Construction of Sanitation at location 18,Sanitation,11409767.56,2023-03-11,Municipal Corporation
W-1726,Nitish Kumar,Maharashtra,Nalanda,Construction of Drinking Water at location 288,Drinking Water,16887806.46,2023-02-24,Gram Panchayat
W-1727,Pappu Yadav,West Bengal,Madhepura,Construction of Sanitation at location 583,Sanitation,9028277.66,2023-06-12,Municipal Corporation
W-1728,Mallikarjun Kharge,Kerala,Gulbarga,Construction of Sanitation at location 533,Sanitation,8143370.94,2023-09-14,Trust
W-1729,Lalu Prasad Yadav,Maharashtra,Saran,Construction of Health at location 983,Health,5752514.16,2023-09-11,Gram Panchayat
W-1730,Uma Bharti,Uttar Pradesh,Jhansi,Construction of Drinking Water at location 44,Drinking Water,907735.49,2023-06-04,Gram Panchayat
W-1731,Supriya Sule,Maharashtra,Baramati,Construction of Sanitation at location 235,Sanitation,12805166.43,2023-04-17,PWD
W-1732,Mamata Banerjee,Kerala,Kolkata South,Construction of Health at location 121,Health,2353602.47,2023-11-20,Gram Panchayat
W-1733,K. C. Venugopal,Maharashtra,Alappuzha,Construction of Roads at location 318,Roads,9070401.72,2023-10-18,Gram Panchayat
W-1734,Mulayam Singh Yadav,Bihar,Mainpuri,Construction of Sanitation at location 676,Sanitation,6412781.16,2023-06-18,Zila Parishad
W-1735,Manoj Tiwari,West Bengal,North East Delhi,Construction of Education at location 503,Education,4363549.47,2023-08-11,Zila Parishad
W-1736,Pappu Yadav,Bihar,Madhepura,Construction of Drinking Water at location 836,Drinking Water,6306206.0,2023-05-07,Gram Panchayat
W-1737,Mallikarjun Kharge,Kerala,Gulbarga,Construction of Drinking Water at location 368,Drinking Water,8078329.66,2023-01-04,Municipal Corporation
W-1738,Devusinh Chauhan,West Bengal,Amreli,Construction of Drinking Water at location 879,Drinking Water,8303027.82,2023-04-11,Municipal Corporation
W-1739,Sudip Bandyopadhyay,Kerala,Kolkata North,Construction of Health at location 163,Health,4812378.4,2023-04-07,Gram Panchayat
W-1740,Sonia Gandhi,West Bengal,Wayanad,Construction of Education at location 195,Education,1461343.42,2023-01-15,PWD
W-1741,Ramvir Singh Bidhuri,Kerala,South Delhi,Construction of Health at location 870,Health,14385403.85,2023-11-23,Gram Panchayat
W-1742,Sonia Gandhi,Maharashtra,Wayanad,Construction of Health at location 142,Health,15500385.91,2023-12-22,Gram Panchayat
W-1743,Lalu Prasad Yadav,Bihar,Saran,Construction of Roads at location 937,Roads,19391920.61,2023-08-24,Municipal Corporation
W-1744,Sougata Ray,West Bengal,Dum Dum,Construction of Drinking Water at location 95,Drinking Water,19994954.81,2023-12-14,Municipal Corporation
W-1745,Yogi Adityanath,Uttar Pradesh,Gorakhpur,Construction of Sanitation at location 55,Sanitation,12280547.26,2023-06-07,PWD
W-1746,Priyanka Gandhi,Maharashtra,Varanasi,Construction of Roads at location 501,Roads,14768252.82,2023-10-24,Zila Parishad
W-1747,Pappu Yadav,Kerala,Madhepura,Construction of Sanitation at location 675,Sanitation,15947703.8,2023-03-02,PWD
W-1748,Supriya Sule,Bihar,Baramati,Construction of Education at location 336,Education,6201624.97,2023-07-15,Zila Parishad
W-1749,Rahul Gandhi,Uttar Pradesh,Rae Bareli,Construction of Sanitation at location 514,Sanitation,13643143.45,2023-03-29,Gram Panchayat
W-1750,Parvesh Verma,Bihar,West Delhi,Construction of Drinking Water at location 492,Drinking Water,4520843.05,2023-01-21,Municipal Corporation
W-1751,Uddhav Thackeray,Uttar Pradesh,Mumbai South,Construction of Sanitation at location 125,Sanitation,16218886.59,2023-03-12,PWD
W-1752,Sonia Gandhi,Bihar,Wayanad,Construction of Education at location 12,Education,19604819.53,2023-09-20,Municipal Corporation
W-1753,Sudip Bandyopadhyay,West Bengal,Kolkata North,Construction of Roads at location 595,Roads,14264707.67,2023-01-25,Gram Panchayat
W-1754,Milind Deora,Uttar Pradesh,Mumbai North Central,Construction of Health at location 516,Health,8236188.21,2023-05-06,Zila Parishad
W-1755,Mamata Banerjee,Bihar,Kolkata South,Construction of Roads at location 794,Roads,13874587.36,2023-03-07,Gram Panchayat
W-1756,Akhilesh Yadav,Uttar Pradesh,Azamgarh,Construction of Roads at location 626,Roads,17912809.54,2023-10-19,PWD
W-1757,Yogi Adityanath,Bihar,Gorakhpur,Construction of Education at location 344,Education,2119255.78,2023-09-16,Gram Panchayat
W-1758,Uma Bharti,Bihar,Jhansi,Construction of Education at location 313,Education,14975049.79,2023-08-16,PWD
W-1759,Milind Deora,Maharashtra,Mumbai North Central,Construction of Health at location 403,Health,10831760.83,2023-11-06,PWD
W-1760,Sharad Pawar,West Bengal,Satara,Construction of Drinking Water at location 393,Drinking Water,12367146.07,2023-07-23,Zila Parishad
W-1761,Yogi Adityanath,West Bengal,Gorakhpur,Construction of Drinking Water at location 208,Drinking Water,14218802.63,2023-05-05,Zila Parishad
W-1762,Rajmohan Unnithan,West Bengal,Kasaragod,Construction of Education at location 946,Education,2511361.84,2023-05-12,PWD
W-1763,Mulayam Singh Yadav,West Bengal,Mainpuri,Construction of Sanitation at location 19,Sanitation,10082441.64,2023-08-14,Municipal Corporation
W-1764,Devusinh Chauhan,Kerala,Amreli,Construction of Education at location 833,Education,13191894.71,2023-03-09,Gram Panchayat
W-1765,V. Muraleedharan,Maharashtra,Thrissur,Construction of Roads at location 235,Roads,4864452.68,2023-03-24,Zila Parishad
W-1766,Lalu Prasad Yadav,Maharashtra,Saran,Construction of Drinking Water at location 805,Drinking Water,4542009.19,2023-07-29,Zila Parishad
W-1767,Anandiben Patel,West Bengal,Anand,Construction of Education at location 801,Education,2662944.5,2023-01-18,Gram Panchayat
W-1768,Pappu Yadav,Uttar Pradesh,Madhepura,Construction of Sanitation at location 413,Sanitation,14766284.64,2023-09-09,Gram Panchayat
W-1769,Paresh Rawal,Kerala,Ahmedabad East,Construction of Education at location 271,Education,11842200.99,2023-08-15,Zila Parishad
W-1770,Yogi Adityanath,Kerala,Gorakhpur,Construction of Education at location 69,Education,3476834.21,2023-03-27,Municipal Corporation
W-1771,Sanjay Raut,West Bengal,Mumbai North West,Construction of Health at location 983,Health,708067.48,2023-08-10,Gram Panchayat
W-1772,Amit Shah,West Bengal,Gandhinagar,Construction of Drinking Water at location 652,Drinking Water,1177428.98,2023-06-25,Gram Panchayat
W-1773,Nusrat Jahan,West Bengal,Basirhat,Construction of Sanitation at location 714,Sanitation,10652779.4,2023-04-03,Gram Panchayat
W-1774,Mulayam Singh Yadav,West Bengal,Mainpuri,Construction of Drinking Water at location 499,Drinking Water,2987578.95,2023-05-19,Zila Parishad
W-1775,Uddhav Thackeray,Kerala,Mumbai South,Construction of Health at location 140,Health,19144590.7,2023-12-21,PWD
W-1776,Narayan Rane,Uttar Pradesh,Mumbai North,Construction of Education at location 787,Education,8659765.19,2023-07-27,PWD
W-1777,Rajmohan Unnithan,West Bengal,Kasaragod,Construction of Drinking Water at location 492,Drinking Water,10152164.5,2023-03-04,Gram Panchayat
W-1778,Shashi Tharoor,Uttar Pradesh,Thiruvananthapuram,Construction of Sanitation at location 398,Sanitation,8920199.47,2023-09-02,PWD
W-1779,Hans Raj Hans,West Bengal,North West Delhi,Construction of Drinking Water at location 373,Drinking Water,1379232.69,2023-01-31,Zila Parishad
W-1780,Akhilesh Yadav,Uttar Pradesh,Azamgarh,Construction of Education at location 235,Education,10851751.17,2023-02-10,Zila Parishad
W-1781,Mulayam Singh Yadav,Kerala,Mainpuri,Construction of Sanitation at location 900,Sanitation,9222982.32,2023-12-14,PWD
W-1782,Devusinh Chauhan,Bihar,Amreli,Construction of Drinking Water at location 554,Drinking Water,4923323.5,2023-05-19,Municipal Corporation
W-1783,Priyanka Gandhi,Uttar Pradesh,Varanasi,Construction of Health at location 604,Health,6183940.67,2023-07-11,Gram Panchayat
W-1784,Priyanka Chaturvedi,West Bengal,Mumbai South Central,Construction of Sanitation at location 920,Sanitation,19158295.52,2023-10-31,Zila Parishad
W-1785,Dimple Yadav,Uttar Pradesh,Firozabad,Construction of Education at location 385,Education,19622640.28,2023-07-15,Zila Parishad
W-1786,Sanjay Raut,Kerala,Mumbai North West,Construction of Health at location 654,Health,4947205.43,2023-09-09,Zila Parishad
W-1787,Nana Patole,Kerala,Nagpur,Construction of Roads at location 205,Roads,14398698.22,2023-09-12,Zila Parishad
W-1788,Hans Raj Hans,West Bengal,North West Delhi,Construction of Health at location 640,Health,12993849.38,2023-09-12,Gram Panchayat
W-1789,Parvesh Verma,Maharashtra,West Delhi,Construction of Roads at location 592,Roads,13633577.34,2023-03-23,Gram Panchayat
W-1790,V. Muraleedharan,Maharashtra,Thrissur,Construction of Sanitation at location 215,Sanitation,18078974.1,2023-06-22,Municipal Corporation
W-1791,Mulayam Singh Yadav,West Bengal,Mainpuri,Construction of Roads at location 300,Roads,1587117.17,2023-01-18,Gram Panchayat
W-1792,K. C. Venugopal,Maharashtra,Alappuzha,Construction of Drinking Water at location 999,Drinking Water,8142853.2,2023-10-30,Zila Parishad
W-1793,Ram Vilas Paswan,Kerala,Hajipur,Construction of Roads at location 462,Roads,2185280.33,2023-03-17,Gram Panchayat
W-1794,Piyush Goyal,Kerala,Mumbai North East,Construction of Roads at location 391,Roads,8777610.24,2023-09-16,Municipal Corporation
W-1795,Akhilesh Yadav,Kerala,Azamgarh,Construction of Health at location 406,Health,18497136.52,2023-05-05,Gram Panchayat
W-1796,Devusinh Chauhan,Uttar Pradesh,Amreli,Construction of Sanitation at location 461,Sanitation,10038113.62,2023-06-28,Zila Parishad
W-1797,Piyush Goyal,Kerala,Mumbai North East,Construction of Sanitation at location 488,Sanitation,18236330.85,2023-01-25,Gram Panchayat
W-1798,Sonia Gandhi,Uttar Pradesh,Wayanad,Construction of Sanitation at location 398,Sanitation,19139465.84,2023-11-20,Municipal Corporation
W-1799,Sharad Pawar,Uttar Pradesh,Satara,Construction of Health at location 221,Health,18334396.49,2023-08-28,Municipal Corporation
W-1800,Parvesh Verma,Bihar,West Delhi,Construction of Health at location 27,Health,13450978.92,2023-04-03,Gram Panchayat
W-1801,Nana Patole,West Bengal,Nagpur,Construction of Roads at location 732,Roads,9157770.18,2023-12-02,PWD
W-1802,Jaya Bachchan,Uttar Pradesh,Amroha,Construction of Drinking Water at location 594,Drinking Water,6597311.97,2023-03-24,Gram Panchayat
W-1803,Ram Gopal Yadav,Uttar Pradesh,Sambhal,Construction of Education at location 614,Education,12227046.23,2023-09-17,Gram Panchayat
W-1804,Amit Shah,Bihar,Gandhinagar,Construction of Drinking Water at location 328,Drinking Water,8456391.78,2023-08-05,Gram Panchayat
W-1805,Ram Gopal Yadav,Uttar Pradesh,Sambhal,Construction of Drinking Water at location 27,Drinking Water,792470.76,2023-01-29,Municipal Corporation
W-1806,Paresh Rawal,Kerala,Ahmedabad East,Construction of Roads at location 828,Roads,8894624.88,2023-08-19,Municipal Corporation
W-1807,Pappu Yadav,West Bengal,Madhepura,Construction of Education at location 111,Education,16629583.89,2023-03-31,Zila Parishad
W-1808,Sudip Bandyopadhyay,Kerala,Kolkata North,Construction of Education at location 44,Education,4941677.66,2023-07-05,Municipal Corporation
W-1809,Pappu Yadav,Kerala,Madhepura,Construction of Drinking Water at location 35,Drinking Water,1194436.93,2023-10-02,Municipal Corporation
W-1810,Uma Bharti,Bihar,Jhansi,Construction of Drinking Water at location 175,Drinking Water,11145099.91,2023-01-04,PWD
W-1811,Akhilesh Yadav,Uttar Pradesh,Azamgarh,Construction of Education at location 485,Education,680210.97,2023-03-28,Zila Parishad
W-1812,Uddhav Thackeray,Bihar,Mumbai South,Construction of Roads at location 300,Roads,13336533.78,2023-06-19,Municipal Corporation
W-1813,Jaya Bachchan,Uttar Pradesh,Amroha,Construction of Education at location 977,Education,7322079.6,2023-12-14,Municipal Corporation
W-1814,Anil Desai,Kerala,Mumbai East,Construction of Drinking Water at location 364,Drinking Water,14485775.0,2023-03-01,Zila Parishad
W-1815,V. Muraleedharan,Kerala,Thrissur,Construction of Drinking Water at location 799,Drinking Water,8076357.39,2023-12-30,Zila Parishad
W-1816,Mamata Banerjee,Kerala,Kolkata South,Construction of Education at location 200,Education,5415362.79,2023-03-15,Zila Parishad
W-1817,Uma Bharti,West Bengal,Jhansi,Construction of Drinking Water at location 573,Drinking Water,1100115.98,2023-04-25,Municipal Corporation
W-1818,Uddhav Thackeray,Maharashtra,Mumbai South,Construction of Health at location 475,Health,17165040.53,2023-02-23,PWD
W-1819,Uma Bharti,Maharashtra,Jhansi,Construction of Health at location 922,Health,16180130.3,2023-08-23,Gram Panchayat
W-1820,K. C. Venugopal,Uttar Pradesh,Alappuzha,Construction of Sanitation at location 144,Sanitation,2665734.41,2023-12-12,Zila Parishad
W-1821,Hans Raj Hans,Kerala,North West Delhi,Construction of Education at location 815,Education,10168479.72,2023-10-06,Gram Panchayat
W-1822,Anandiben Patel,Uttar Pradesh,Anand,Construction of Health at location 624,Health,3170849.37,2023-04-30,Zila Parishad
W-1823,Milind Deora,Bihar,Mumbai North Central,Construction of Health at location 14,Health,10677731.8,2023-05-13,PWD
W-1824,Hardik Patel,Maharashtra,Jamnagar,Construction of Health at location 788,Health,11752540.16,2023-01-07,Municipal Corporation
W-1825,Pappu Yadav,West Bengal,Madhepura,Construction of Sanitation at location 829,Sanitation,16917648.15,2023-07-17,Gram Panchayat
W-1826,Mimi Chakraborty,Kerala,Jadavpur,Construction of Sanitation at location 817,Sanitation,11683241.91,2023-06-18,PWD
W-1827,Shashi Tharoor,Bihar,Thiruvananthapuram,Construction of Sanitation at location 689,Sanitation,10184581.64,2023-12-08,Gram Panchayat
W-1828,Uma Bharti,Maharashtra,Jhansi,Construction of Education at location 762,Education,17289672.02,2023-10-09,Municipal Corporation
W-1829,Yogi Adityanath,Bihar,Gorakhpur,Construction of Education at location 511,Education,4873038.47,2023-11-29,Municipal Corporation
W-1830,Sonia Gandhi,Bihar,Wayanad,Construction of Sanitation at location 334,Sanitation,18697888.7,2023-04-23,PWD
W-1831,Rajmohan Unnithan,Uttar Pradesh,Kasaragod,Construction of Health at location 478,Health,17051429.43,2023-04-05,Municipal Corporation
W-1832,Mimi Chakraborty,West Bengal,Jadavpur,Construction of Health at location 596,Health,12722284.43,2023-02-17,Zila Parishad
W-1833,Gautam Gambhir,Maharashtra,East Delhi,Construction of Roads at location 573,Roads,9153779.8,2023-09-25,Gram Panchayat
W-1834,Priyanka Gandhi,Bihar,Varanasi,Construction of Roads at location 791,Roads,19611012.89,2023-05-06,Zila Parishad
W-1835,Hardik Patel,Bihar,Jamnagar,Construction of Health at location 463,Health,8106288.28,2023-08-16,PWD
W-1836,Mimi Chakraborty,Uttar Pradesh,Jadavpur,Construction of Drinking Water at location 84,Drinking Water,16569842.56,2023-11-14,Gram Panchayat
W-1837,Gautam Gambhir,Kerala,East Delhi,Construction of Drinking Water at location 855,Drinking Water,4244656.22,2023-09-09,Zila Parishad
W-1838,A. K. Antony,Maharashtra,Pathanamthitta,Construction of Health at location 733,Health,5862094.24,2023-09-28,Zila Parishad
W-1839,K. C. Venugopal,Kerala,Alappuzha,Construction of Health at location 173,Health,15314565.91,2023-12-29,Municipal Corporation
W-1840,Parvesh Verma,Bihar,West Delhi,Construction of Sanitation at location 273,Sanitation,13756312.39,2023-06-28,Zila Parishad
W-1841,Anandiben Patel,Kerala,Anand,Construction of Drinking Water at location 591,Drinking Water,13949182.03,2023-03-02,Gram Panchayat
W-1842,A. K. Antony,Maharashtra,Pathanamthitta,Construction of Roads at location 569,Roads,1519389.26,2023-03-24,Municipal Corporation
W-1843,Uma Bharti,Uttar Pradesh,Jhansi,Construction of Health at location 979,Health,17515193.38,2023-02-11,PWD
W-1844,Rajnath Singh,West Bengal,Lucknow,Construction of Roads at location 317,Roads,10651125.61,2023-01-20,Zila Parishad
W-1845,Supriya Sule,Uttar Pradesh,Baramati,Construction of Roads at location 963,Roads,8245936.83,2023-11-06,Municipal Corporation
W-1846,Nusrat Jahan,Maharashtra,Basirhat,Construction of Sanitation at location 914,Sanitation,4952934.48,2023-12-18,Zila Parishad
W-1847,Mulayam Singh Yadav,Bihar,Mainpuri,Construction of Sanitation at location 620,Sanitation,7610479.82,2023-10-30,Zila Parishad
W-1848,Sudip Bandyopadhyay,Maharashtra,Kolkata North,Construction of Roads at location 653,Roads,15044352.65,2023-12-09,Gram Panchayat
W-1849,Shashi Tharoor,Uttar Pradesh,Thiruvananthapuram,Construction of Drinking Water at location 277,Drinking Water,12227509.08,2023-11-06,Zila Parishad
W-1850,Piyush Goyal,Bihar,Mumbai North East,Construction of Health at location 351,Health,2932354.21,2023-04-09,Gram Panchayat
W-1851,P. Chidambaram,Kerala,Sivaganga,Construction of Health at location 615,Health,6854857.8,2023-04-22,Zila Parishad
W-1852,Hema Malini,Maharashtra,Mathura,Construction of Sanitation at location 160,Sanitation,19254368.33,2023-06-15,Gram Panchayat
W-1853,Pappu Yadav,Uttar Pradesh,Madhepura,Construction of Roads at location 683,Roads,9764040.11,2023-06-03,PWD
W-1854,Priyanka Chaturvedi,West Bengal,Mumbai South Central,Construction of Roads at location 229,Roads,16765637.15,2023-05-05,Zila Parishad
W-1855,Sonia Gandhi,Kerala,Wayanad,Construction of Roads at location 817,Roads,8334976.57,2023-05-04,Gram Panchayat
W-1856,Ramvir Singh Bidhuri,Maharashtra,South Delhi,Construction of Sanitation at location 821,Sanitation,9049576.98,2023-05-15,Gram Panchayat
W-1857,Uddhav Thackeray,Bihar,Mumbai South,Construction of Education at location 432,Education,667099.61,2023-05-16,PWD
W-1858,Paresh Rawal,Maharashtra,Ahmedabad East,Construction of Education at location 525,Education,6561186.97,2023-03-10,PWD
W-1859,Sudip Bandyopadhyay,Uttar Pradesh,Kolkata North,Construction of Education at location 686,Education,18939778.72,2023-03-15,PWD
W-1860,Ram Gopal Yadav,West Bengal,Sambhal,Construction of Health at location 950,Health,11319904.88,2023-11-21,Municipal Corporation
W-1861,Anil Desai,Kerala,Mumbai East,Construction of Health at location 702,Health,8154260.87,2023-12-21,Municipal Corporation
W-1862,Sudip Bandyopadhyay,West Bengal,Kolkata North,Construction of Roads at location 409,Roads,2421476.71,2023-12-28,Trust
W-1863,Mamata Banerjee,Uttar Pradesh,Kolkata South,Construction of Education at location 277,Education,7027338.87,2023-08-24,Zila Parishad
W-1864,Shashi Tharoor,Maharashtra,Thiruvananthapuram,Construction of Education at location 744,Education,12853938.23,2023-11-12,PWD
W-1865,Rajmohan Unnithan,Uttar Pradesh,Kasaragod,Construction of Sanitation at location 15,Sanitation,6950502.4,2023-09-16,PWD
W-1866,Ram Vilas Paswan,Kerala,Hajipur,Construction of Sanitation at location 568,Sanitation,19541788.49,2023-04-15,Gram Panchayat
W-1867,Rahul Gandhi,Bihar,Rae Bareli,Construction of Roads at location 36,Roads,16495712.73,2023-01-04,PWD
W-1868,Lalu Prasad Yadav,West Bengal,Saran,Construction of Health at location 484,Health,15928344.66,2023-02-05,PWD
W-1869,K. C. Venugopal,Maharashtra,Alappuzha,Construction of Education at location 580,Education,7278196.38,2023-05-08,Municipal Corporation
W-1870,Hans Raj Hans,West Bengal,North West Delhi,Construction of Health at location 658,Health,17751162.21,2023-04-01,PWD
W-1871,P. Chidambaram,Maharashtra,Sivaganga,Construction of Education at location 859,Education,3186377.12,2023-10-12,Zila Parishad
W-1872,Chirag Paswan,West Bengal,Jamui,Construction of Drinking Water at location 688,Drinking Water,12282006.86,2023-06-20,Zila Parishad
W-1873,Rajnath Singh,Uttar Pradesh,Lucknow,Construction of Sanitation at location 442,Sanitation,16791980.04,2023-11-25,Municipal Corporation
W-1874,Shashi Tharoor,Uttar Pradesh,Thiruvananthapuram,Construction of Health at location 467,Health,16208826.12,2023-03-07,Zila Parishad
W-1875,Ramvir Singh Bidhuri,West Bengal,South Delhi,Construction of Education at location 210,Education,6310606.0,2023-08-25,Municipal Corporation
W-1876,Rajnath Singh,Uttar Pradesh,Lucknow,Construction of Education at location 493,Education,7113050.9,2023-05-18,Municipal Corporation
W-1877,K. C. Venugopal,Maharashtra,Alappuzha,Construction of Education at location 950,Education,10022530.8,2023-01-04,Municipal Corporation
W-1878,Akhilesh Yadav,Bihar,Azamgarh,Construction of Roads at location 470,Roads,5029330.61,2023-12-16,Gram Panchayat
W-1879,Yogi Adityanath,Kerala,Gorakhpur,Construction of Sanitation at location 3,Sanitation,5655883.81,2023-09-15,Gram Panchayat
W-1880,Shashi Tharoor,Uttar Pradesh,Thiruvananthapuram,Construction of Education at location 725,Education,11394786.39,2023-06-05,Municipal Corporation
W-1881,Mamata Banerjee,Maharashtra,Kolkata South,Construction of Sanitation at location 342,Sanitation,14080536.96,2023-10-20,Zila Parishad
W-1882,Mimi Chakraborty,Uttar Pradesh,Jadavpur,Construction of Roads at location 160,Roads,3126956.75,2023-06-03,Municipal Corporation
W-1883,Pappu Yadav,Maharashtra,Madhepura,Construction of Sanitation at location 731,Sanitation,19808427.98,2023-03-22,Gram Panchayat
W-1884,Rajnath Singh,Uttar Pradesh,Lucknow,Construction of Roads at location 521,Roads,18552876.72,2023-01-30,PWD
W-1885,Priyanka Chaturvedi,West Bengal,Mumbai South Central,Construction of Sanitation at location 720,Sanitation,17664909.58,2023-09-20,Trust
W-1886,Rahul Gandhi,West Bengal,Rae Bareli,Construction of Roads at location 750,Roads,8935725.86,2023-07-18,PWD
W-1887,Priyanka Chaturvedi,Bihar,Mumbai South Central,Construction of Education at location 295,Education,4687334.94,2023-04-28,PWD
W-1888,P. Chidambaram,Maharashtra,Sivaganga,Construction of Education at location 869,Education,11118360.21,2023-10-27,Zila Parishad
W-1889,Rahul Gandhi,Bihar,Rae Bareli,Construction of Roads at location 502,Roads,6785599.93,2023-04-26,Gram Panchayat
W-1890,Uma Bharti,Bihar,Jhansi,Construction of Sanitation at location 825,Sanitation,14723808.83,2023-02-26,Gram Panchayat
W-1891,Chirag Paswan,Maharashtra,Jamui,Construction of Education at location 221,Education,7246015.6,2023-06-13,PWD
W-1892,Anil Desai,West Bengal,Mumbai East,Construction of Roads at location 963,Roads,6544612.66,2023-05-26,PWD
W-1893,Jaya Bachchan,Maharashtra,Amroha,Construction of Health at location 661,Health,7893636.85,2023-12-16,PWD
W-1894,Supriya Sule,Maharashtra,Baramati,Construction of Health at location 272,Health,14403828.3,2023-05-30,Municipal Corporation
W-1895,Mimi Chakraborty,Bihar,Jadavpur,Construction of Drinking Water at location 502,Drinking Water,4022770.59,2023-03-01,Zila Parishad
W-1896,Hans Raj Hans,Bihar,North West Delhi,Construction of Sanitation at location 830,Sanitation,8270789.56,2023-04-17,PWD
W-1897,Manoj Tiwari,Kerala,North East Delhi,Construction of Drinking Water at location 900,Drinking Water,5254933.23,2023-02-20,Municipal Corporation
W-1898,Narayan Rane,Bihar,Mumbai North,Construction of Roads at location 357,Roads,6164339.7,2023-03-03,Municipal Corporation
W-1899,Mimi Chakraborty,Kerala,Jadavpur,Construction of Education at location 416,Education,16157842.87,2023-06-12,Zila Parishad
W-1900,Sougata Ray,Bihar,Dum Dum,Construction of Education at location 557,Education,5873355.07,2023-03-28,Zila Parishad
W-1901,Supriya Sule,Uttar Pradesh,Baramati,Construction of Drinking Water at location 149,Drinking Water,10849636.75,2023-02-04,PWD
W-1902,Sougata Ray,Kerala,Dum Dum,Construction of Drinking Water at location 175,Drinking Water,18091383.65,2023-08-22,Municipal Corporation
W-1903,Priyanka Gandhi,Bihar,Varanasi,Construction of Sanitation at location 44,Sanitation,11788872.39,2023-04-01,PWD
W-1904,Supriya Sule,Uttar Pradesh,Baramati,Construction of Education at location 71,Education,6851293.03,2023-02-19,PWD
W-1905,Sonia Gandhi,West Bengal,Wayanad,Construction of Roads at location 602,Roads,2633298.55,2023-08-29,Municipal Corporation
W-1906,Sharad Pawar,West Bengal,Satara,Construction of Education at location 769,Education,4531830.22,2023-12-26,PWD
W-1907,Pappu Yadav,Kerala,Madhepura,Construction of Drinking Water at location 598,Drinking Water,13129565.05,2023-05-17,Municipal Corporation
W-1908,Parvesh Verma,Kerala,West Delhi,Construction of Sanitation at location 330,Sanitation,15691816.53,2023-02-19,Zila Parishad
W-1909,Mamata Banerjee,West Bengal,Kolkata South,Construction of Health at location 448,Health,15051970.44,2023-08-17,PWD
W-1910,Priyanka Chaturvedi,Uttar Pradesh,Mumbai South Central,Construction of Health at location 172,Health,13838484.8,2023-08-11,Gram Panchayat
W-1911,Sudip Bandyopadhyay,Kerala,Kolkata North,Construction of Drinking Water at location 900,Drinking Water,10091208.99,2023-05-10,Zila Parishad
W-1912,Chirag Paswan,West Bengal,Jamui,Construction of Roads at location 652,Roads,18975806.07,2023-04-29,Municipal Corporation
W-1913,Ramvir Singh Bidhuri,Bihar,South Delhi,Construction of Roads at location 629,Roads,15979800.29,2023-04-30,Municipal Corporation
W-1914,Uddhav Thackeray,Uttar Pradesh,Mumbai South,Construction of Roads at location 826,Roads,1518788.88,2023-04-19,Municipal Corporation
W-1915,Narayan Rane,Maharashtra,Mumbai North,Construction of Roads at location 649,Roads,10589325.15,2023-12-06,Zila Parishad
W-1916,Narayan Rane,Uttar Pradesh,Mumbai North,Construction of Roads at location 261,Roads,3148732.35,2023-03-04,Gram Panchayat
W-1917,Nitish Kumar,Bihar,Nalanda,Construction of Sanitation at location 708,Sanitation,5561268.85,2023-02-12,Municipal Corporation
W-1918,Rajnath Singh,Uttar Pradesh,Lucknow,Construction of Drinking Water at location 228,Drinking Water,12909267.76,2023-03-20,Zila Parishad
W-1919,Rahul Gandhi,Bihar,Rae Bareli,Construction of Health at location 705,Health,19912570.75,2023-01-05,Zila Parishad
W-1920,Mallikarjun Kharge,Uttar Pradesh,Gulbarga,Construction of Drinking Water at location 501,Drinking Water,2750297.24,2023-03-04,Municipal Corporation
W-1921,Sudip Bandyopadhyay,Kerala,Kolkata North,Construction of Drinking Water at location 456,Drinking Water,6975440.87,2023-05-07,Gram Panchayat
W-1922,Ram Vilas Paswan,Kerala,Hajipur,Construction of Sanitation at location 296,Sanitation,6078171.01,2023-04-17,Gram Panchayat
W-1923,Uma Bharti,Bihar,Jhansi,Construction of Education at location 801,Education,11318731.79,2023-12-10,Zila Parishad
W-1924,Milind Deora,Kerala,Mumbai North Central,Construction of Health at location 334,Health,16134074.63,2023-10-01,Gram Panchayat
W-1925,Chirag Paswan,West Bengal,Jamui,Construction of Health at location 245,Health,18388303.58,2023-05-02,Zila Parishad
W-1926,Akhilesh Yadav,West Bengal,Azamgarh,Construction of Roads at location 698,Roads,2889123.28,2023-03-19,Gram Panchayat
W-1927,Smriti Irani,West Bengal,Amethi,Construction of Health at location 354,Health,13894278.53,2023-04-21,Trust
W-1928,A. K. Antony,Bihar,Pathanamthitta,Construction of Roads at location 557,Roads,17552853.25,2023-03-21,Zila Parishad
W-1929,Jaya Bachchan,Kerala,Amroha,Construction of Health at location 694,Health,10473009.92,2023-02-03,Zila Parishad
W-1930,A. K. Antony,Kerala,Pathanamthitta,Construction of Roads at location 308,Roads,11967681.79,2023-07-30,Zila Parishad
W-1931,P. Chidambaram,Bihar,Sivaganga,Construction of Sanitation at location 942,Sanitation,7067455.92,2023-11-21,PWD
W-1932,K. C. Venugopal,West Bengal,Alappuzha,Construction of Health at location 792,Health,13470090.77,2023-12-06,Municipal Corporation
W-1933,Mallikarjun Kharge,Maharashtra,Gulbarga,Construction of Education at location 350,Education,9686651.92,2023-05-25,Gram Panchayat
W-1934,Anandiben Patel,Uttar Pradesh,Anand,Construction of Drinking Water at location 37,Drinking Water,15147371.26,2023-01-14,Zila Parishad
W-1935,K. C. Venugopal,Uttar Pradesh,Alappuzha,Construction of Roads at location 456,Roads,6986803.7,2023-10-29,PWD
W-1936,Ram Vilas Paswan,Uttar Pradesh,Hajipur,Construction of Drinking Water at location 763,Drinking Water,5942160.15,2023-12-27,Zila Parishad
W-1937,Hardik Patel,Bihar,Jamnagar,Construction of Health at location 595,Health,6568275.25,2023-04-17,PWD
W-1938,Mallikarjun Kharge,Kerala,Gulbarga,Construction of Education at location 39,Education,13033547.9,2023-08-08,Zila Parishad
W-1939,Rahul Gandhi,Bihar,Rae Bareli,Construction of Education at location 913,Education,14691398.79,2023-12-11,Zila Parishad
W-1940,Devusinh Chauhan,West Bengal,Amreli,Construction of Sanitation at location 165,Sanitation,2191581.47,2023-11-06,Municipal Corporation
W-1941,Supriya Sule,Bihar,Baramati,Construction of Roads at location 828,Roads,10191961.13,2023-01-24,Gram Panchayat
W-1942,Akhilesh Yadav,Uttar Pradesh,Azamgarh,Construction of Health at location 876,Health,16644285.21,2023-10-10,Gram Panchayat
W-1943,A. K. Antony,Bihar,Pathanamthitta,Construction of Sanitation at location 407,Sanitation,4620058.23,2023-11-09,Gram Panchayat
W-1944,A. K. Antony,West Bengal,Pathanamthitta,Construction of Roads at location 78,Roads,3848032.87,2023-11-18,Gram Panchayat
W-1945,Ramvir Singh Bidhuri,Kerala,South Delhi,Construction of Drinking Water at location 462,Drinking Water,12214425.6,2023-02-25,Zila Parishad
W-1946,Parvesh Verma,Uttar Pradesh,West Delhi,Construction of Roads at location 926,Roads,13157288.94,2023-12-10,Municipal Corporation
W-1947,Mimi Chakraborty,Kerala,Jadavpur,Construction of Health at location 590,Health,10625961.61,2023-06-27,Zila Parishad
W-1948,Shashi Tharoor,Uttar Pradesh,Thiruvananthapuram,Construction of Education at location 401,Education,16761373.71,2023-07-20,Zila Parishad
W-1949,Sougata Ray,Maharashtra,Dum Dum,Construction of Drinking Water at location 576,Drinking Water,9423821.55,2023-01-08,Municipal Corporation
W-1950,P. Chidambaram,Bihar,Sivaganga,Construction of Education at location 104,Education,14688070.19,2023-10-21,Zila Parishad
W-1951,Sharad Pawar,Maharashtra,Satara,Construction of Roads at location 525,Roads,922134.1,2023-05-26,Gram Panchayat
W-1952,Smriti Irani,West Bengal,Amethi,Construction of Education at location 818,Education,3855947.13,2023-10-26,Municipal Corporation
W-1953,Shashi Tharoor,Uttar Pradesh,Thiruvananthapuram,Construction of Roads at location 422,Roads,2813786.21,2023-10-30,Gram Panchayat
W-1954,A. K. Antony,Bihar,Pathanamthitta,Construction of Education at location 357,Education,17425306.71,2023-06-22,Zila Parishad
W-1955,Ram Vilas Paswan,West Bengal,Hajipur,Construction of Education at location 227,Education,2134991.5,2023-10-28,Zila Parishad
W-1956,Lalu Prasad Yadav,Maharashtra,Saran,Construction of Roads at location 468,Roads,15852853.83,2023-07-21,PWD
W-1957,Hema Malini,West Bengal,Mathura,Construction of Education at location 593,Education,6432803.07,2023-12-22,Zila Parishad
W-1958,Manoj Tiwari,Bihar,North East Delhi,Construction of Drinking Water at location 396,Drinking Water,7991786.61,2023-04-04,PWD
W-1959,Priyanka Gandhi,Bihar,Varanasi,Construction of Sanitation at location 513,Sanitation,11907339.1,2023-12-14,Zila Parishad
W-1960,Hema Malini,West Bengal,Mathura,Construction of Education at location 333,Education,7403382.94,2023-09-25,Zila Parishad
W-1961,Sanjay Raut,Bihar,Mumbai North West,Construction of Drinking Water at location 317,Drinking Water,569762.12,2023-03-19,PWD
W-1962,Dimple Yadav,Maharashtra,Firozabad,Construction of Roads at location 725,Roads,1544120.69,2023-02-17,Gram Panchayat
W-1963,Priyanka Gandhi,Maharashtra,Varanasi,Construction of Drinking Water at location 444,Drinking Water,1662697.73,2023-12-25,PWD
W-1964,Hema Malini,Bihar,Mathura,Construction of Education at location 111,Education,15834164.03,2023-04-18,PWD
W-1965,Sharad Pawar,Maharashtra,Satara,Construction of Drinking Water at location 16,Drinking Water,4929420.06,2023-12-10,Zila Parishad
W-1966,Jaya Bachchan,West Bengal,Amroha,Construction of Roads at location 508,Roads,1910795.94,2023-01-25,PWD
W-1967,Ram Gopal Yadav,West Bengal,Sambhal,Construction of Roads at location 673,Roads,7914702.75,2023-03-19,Gram Panchayat
W-1968,Sougata Ray,Uttar Pradesh,Dum Dum,Construction of Education at location 811,Education,12843489.16,2023-02-16,Zila Parishad
W-1969,Devusinh Chauhan,Bihar,Amreli,Construction of Roads at location 683,Roads,875354.8,2023-01-21,Municipal Corporation
W-1970,Shashi Tharoor,Uttar Pradesh,Thiruvananthapuram,Construction of Health at location 226,Health,6994265.09,2023-03-15,Zila Parishad
W-1971,Paresh Rawal,West Bengal,Ahmedabad East,Construction of Drinking Water at location 23,Drinking Water,12016498.33,2023-05-04,Zila Parishad
W-1972,Sharad Pawar,Kerala,Satara,Construction of Drinking Water at location 540,Drinking Water,3566833.91,2023-06-03,PWD
W-1973,Manoj Tiwari,Kerala,North East Delhi,Construction of Health at location 699,Health,17014990.69,2023-02-12,Gram Panchayat
W-1974,V. Muraleedharan,West Bengal,Thrissur,Construction of Drinking Water at location 939,Drinking Water,7216346.9,2023-10-19,Municipal Corporation
W-1975,Mallikarjun Kharge,Maharashtra,Gulbarga,Construction of Roads at location 854,Roads,12203547.91,2023-05-26,PWD
W-1976,Hans Raj Hans,Maharashtra,North West Delhi,Construction of Sanitation at location 933,Sanitation,899594.91,2023-05-22,Municipal Corporation
W-1977,Anil Desai,Maharashtra,Mumbai East,Construction of Education at location 290,Education,12651373.66,2023-02-19,PWD
W-1978,Uma Bharti,West Bengal,Jhansi,Construction of Education at location 432,Education,5404504.27,2023-09-06,PWD
W-1979,Gautam Gambhir,Kerala,East Delhi,Construction of Drinking Water at location 274,Drinking Water,998790.17,2023-10-25,PWD
W-1980,Hans Raj Hans,West Bengal,North West Delhi,Construction of Roads at location 836,Roads,1785613.34,2023-08-31,Zila Parishad
W-1981,Rajmohan Unnithan,Bihar,Kasaragod,Construction of Roads at location 575,Roads,15715056.95,2023-03-14,Gram Panchayat
W-1982,Anil Desai,West Bengal,Mumbai East,Construction of Health at location 203,Health,8548879.92,2023-03-26,Gram Panchayat
W-1983,Sougata Ray,Bihar,Dum Dum,Construction of Health at location 797,Health,16016280.36,2023-04-22,Zila Parishad
W-1984,Chirag Paswan,Maharashtra,Jamui,Construction of Drinking Water at location 771,Drinking Water,19084918.99,2023-09-12,Municipal Corporation
W-1985,Smriti Irani,West Bengal,Amethi,Construction of Health at location 460,Health,14345572.28,2023-01-27,Trust
W-1986,Amit Shah,Bihar,Gandhinagar,Construction of Sanitation at location 41,Sanitation,8964386.1,2023-07-10,PWD
W-1987,Sharad Pawar,Kerala,Satara,Construction of Education at location 632,Education,18085847.17,2023-08-08,Trust
W-1988,Hans Raj Hans,Kerala,North West Delhi,Construction of Drinking Water at location 812,Drinking Water,4886525.86,2023-02-07,Trust
W-1989,Uma Bharti,Uttar Pradesh,Jhansi,Construction of Health at location 258,Health,9741435.34,2023-02-27,Zila Parishad
W-1990,Amit Shah,Kerala,Gandhinagar,Construction of Education at location 347,Education,12085368.6,2023-04-11,Municipal Corporation
W-1991,Rajnath Singh,Uttar Pradesh,Lucknow,Construction of Drinking Water at location 785,Drinking Water,10741442.9,2023-12-08,Gram Panchayat
W-1992,Supriya Sule,Uttar Pradesh,Baramati,Construction of Health at location 249,Health,18675996.13,2023-04-15,Gram Panchayat
W-1993,K. C. Venugopal,Bihar,Alappuzha,Construction of Roads at location 844,Roads,9446735.61,2023-05-27,Gram Panchayat
W-1994,Sougata Ray,Bihar,Dum Dum,Construction of Drinking Water at location 381,Drinking Water,16734302.8,2023-08-06,Trust
W-1995,Chirag Paswan,Maharashtra,Jamui,Construction of Education at location 984,Education,1934234.34,2023-12-15,Municipal Corporation
W-1996,Lalu Prasad Yadav,Maharashtra,Saran,Construction of Roads at location 59,Roads,3289683.3,2023-12-25,Zila Parishad
W-1997,Gautam Gambhir,Bihar,East Delhi,Construction of Drinking Water at location 347,Drinking Water,16316567.78,2023-01-14,PWD
W-1998,Rajnath Singh,Uttar Pradesh,Lucknow,Construction of Drinking Water at location 387,Drinking Water,5641671.44,2023-09-14,Municipal Corporation
W-1999,Devusinh Chauhan,Maharashtra,Amreli,Construction of Drinking Water at location 431,Drinking Water,15120181.13,2023-12-13,Trust
W-9999,Milind Deora,Uttar Pradesh,Mumbai North Central,Construction of Sanitation at location 271,Sanitation,15703974.51,2023-04-17,Zila Parishad
